[0.000000] (-) TimerEvent: {}
[0.000729] (maze_control) JobQueued: {'identifier': 'maze_control', 'dependencies': OrderedDict()}
[0.000786] (maze_interfaces) JobQueued: {'identifier': 'maze_interfaces', 'dependencies': OrderedDict()}
[0.000813] (maze_solver) JobQueued: {'identifier': 'maze_solver', 'dependencies': OrderedDict()}
[0.000835] (maze_control) JobStarted: {'identifier': 'maze_control'}
[0.012329] (maze_interfaces) JobStarted: {'identifier': 'maze_interfaces'}
[0.017942] (maze_solver) JobStarted: {'identifier': 'maze_solver'}
[0.099521] (-) TimerEvent: {}
[0.199831] (-) TimerEvent: {}
[0.300115] (-) TimerEvent: {}
[0.383847] (maze_interfaces) JobProgress: {'identifier': 'maze_interfaces', 'progress': 'cmake'}
[0.384571] (maze_interfaces) Command: {'cmd': ['/usr/bin/cmake', '/home/abdulrahman/training_ws/src/group4_task/maze_interfaces', '-DCMAKE_INSTALL_PREFIX=/home/abdulrahman/training_ws/src/group4_task/install/maze_interfaces'], 'cwd': '/home/abdulrahman/training_ws/src/group4_task/build/maze_interfaces', 'env': OrderedDict({'GZ_SIM_RESOURCE_PATH': '/opt/ros/jazzy/share', 'USER': 'abdulrahman', 'GZ_CONFIG_PATH': '/opt/ros/jazzy/opt/gz_sim_vendor/share/gz:/opt/ros/jazzy/opt/sdformat_vendor/share/gz:/opt/ros/jazzy/opt/gz_gui_vendor/share/gz:/opt/ros/jazzy/opt/gz_transport_vendor/share/gz:/opt/ros/jazzy/opt/gz_rendering_vendor/share/gz:/opt/ros/jazzy/opt/gz_plugin_vendor/share/gz:/opt/ros/jazzy/opt/gz_fuel_tools_vendor/share/gz:/opt/ros/jazzy/opt/gz_msgs_vendor/share/gz:/opt/ros/jazzy/opt/gz_common_vendor/share/gz', 'XDG_SESSION_TYPE': 'x11', 'CLUTTER_DISABLE_MIPMAPPED_TEXT': '1', 'SHLVL': '1', 'LD_LIBRARY_PATH': '/opt/ros/jazzy/opt/gz_sim_vendor/lib:/opt/ros/jazzy/opt/gz_sensors_vendor/lib:/opt/ros/jazzy/opt/gz_physics_vendor/lib:/opt/ros/jazzy/opt/sdformat_vendor/lib:/opt/ros/jazzy/opt/rviz_ogre_vendor/lib:/opt/ros/jazzy/lib/x86_64-linux-gnu:/opt/ros/jazzy/opt/gz_gui_vendor/lib:/opt/ros/jazzy/opt/gz_transport_vendor/lib:/opt/ros/jazzy/opt/gz_rendering_vendor/lib:/opt/ros/jazzy/opt/gz_plugin_vendor/lib:/opt/ros/jazzy/opt/gz_fuel_tools_vendor/lib:/opt/ros/jazzy/opt/gz_msgs_vendor/lib:/opt/ros/jazzy/opt/gz_common_vendor/lib:/opt/ros/jazzy/opt/gz_math_vendor/lib:/opt/ros/jazzy/opt/gz_utils_vendor/lib:/opt/ros/jazzy/opt/gz_tools_vendor/lib:/opt/ros/jazzy/opt/gz_ogre_next_vendor/lib:/opt/ros/jazzy/opt/gz_dartsim_vendor/lib:/opt/ros/jazzy/opt/gz_cmake_vendor/lib:/opt/ros/jazzy/lib', 'HOME': '/home/abdulrahman', 'DESKTOP_SESSION': 'ubuntu', 'ROS_PYTHON_VERSION': '3', 'GNOME_SHELL_SESSION_MODE': 'ubuntu', 'GTK_MODULES': 'gail:atk-bridge', 'SYSTEMD_EXEC_PID': '12906', 'GSM_SKIP_SSH_AGENT_WORKAROUND': 'true', 'DBUS_SESSION_BUS_ADDRESS': 'unix:path=/run/user/1000/bus', 'COLORTERM': 'truecolor', 'DEBUGINFOD_URLS': 'https://debuginfod.ubuntu.com', 'COLCON_PREFIX_PATH': '/home/abdulrahman/training_ws/install', 'ROS_DISTRO': 'jazzy', 'LOGNAME': 'abdulrahman', '_': '/usr/bin/colcon', 'ROS_VERSION': '2', 'MEMORY_PRESSURE_WATCH': '/sys/fs/cgroup/user.slice/user-1000.slice/user@1000.service/session.slice/org.gnome.Shell@x11.service/memory.pressure', 'XDG_SESSION_CLASS': 'user', 'USERNAME': 'abdulrahman', 'TERM': 'xterm-256color', 'GNOME_DESKTOP_SESSION_ID': 'this-is-deprecated', 'WINDOWPATH': '2', 'PATH': '/opt/ros/jazzy/opt/gz_msgs_vendor/bin:/opt/ros/jazzy/opt/gz_tools_vendor/bin:/opt/ros/jazzy/opt/gz_ogre_next_vendor/bin:/opt/ros/jazzy/bin:/usr/local/sbin:/usr/local/bin:/usr/sbin:/usr/bin:/sbin:/bin:/usr/games:/usr/local/games:/snap/bin:/snap/bin', 'SESSION_MANAGER': 'local/AbdulrahmanDevice:@/tmp/.ICE-unix/12875,unix/AbdulrahmanDevice:/tmp/.ICE-unix/12875', 'XDG_MENU_PREFIX': 'gnome-', 'GNOME_TERMINAL_SCREEN': '/org/gnome/Terminal/screen/d674c155_cf41_48f4_a5d5_5dcd1b59e166', 'XDG_RUNTIME_DIR': '/run/user/1000', 'DISPLAY': ':1', 'LANG': 'en_US.UTF-8', 'XDG_CURRENT_DESKTOP': 'ubuntu:GNOME', 'XMODIFIERS': '@im=ibus', 'XDG_SESSION_DESKTOP': 'ubuntu', 'XAUTHORITY': '/run/user/1000/gdm/Xauthority', 'GNOME_TERMINAL_SERVICE': ':1.96', 'SSH_AUTH_SOCK': '/run/user/1000/keyring/ssh', 'AMENT_PREFIX_PATH': '/opt/ros/jazzy', 'SHELL': '/bin/bash', 'QT_ACCESSIBILITY': '1', 'GDMSESSION': 'ubuntu', 'GPG_AGENT_INFO': '/run/user/1000/gnupg/S.gpg-agent:0:1', 'ROS_AUTOMATIC_DISCOVERY_RANGE': 'SUBNET', 'QT_IM_MODULE': 'ibus', 'PWD': '/home/abdulrahman/training_ws/src/group4_task/build/maze_interfaces', 'LC_ALL': 'en_US.UTF-8', 'XDG_CONFIG_DIRS': '/etc/xdg/xdg-ubuntu:/etc/xdg', 'XDG_DATA_DIRS': '/usr/share/ubuntu:/usr/share/gnome:/usr/local/share/:/usr/share/:/var/lib/snapd/desktop', 'PYTHONPATH': '/opt/ros/jazzy/lib/python3.12/site-packages', 'COLCON': '1', 'MEMORY_PRESSURE_WRITE': 'c29tZSAyMDAwMDAgMjAwMDAwMAA=', 'VTE_VERSION': '7600', 'CMAKE_PREFIX_PATH': '/opt/ros/jazzy/opt/gz_sim_vendor:/opt/ros/jazzy/opt/gz_sensors_vendor:/opt/ros/jazzy/opt/gz_physics_vendor:/opt/ros/jazzy/opt/sdformat_vendor:/opt/ros/jazzy/opt/gz_gui_vendor:/opt/ros/jazzy/opt/gz_transport_vendor:/opt/ros/jazzy/opt/gz_rendering_vendor:/opt/ros/jazzy/opt/gz_plugin_vendor:/opt/ros/jazzy/opt/gz_fuel_tools_vendor:/opt/ros/jazzy/opt/gz_msgs_vendor:/opt/ros/jazzy/opt/gz_common_vendor:/opt/ros/jazzy/opt/gz_math_vendor:/opt/ros/jazzy/opt/gz_utils_vendor:/opt/ros/jazzy/opt/gz_tools_vendor:/opt/ros/jazzy/opt/gz_ogre_next_vendor:/opt/ros/jazzy/opt/gz_dartsim_vendor:/opt/ros/jazzy/opt/gz_cmake_vendor:/opt/ros/jazzy'}), 'shell': False}
[0.400221] (-) TimerEvent: {}
[0.484704] (maze_interfaces) StdoutLine: {'line': b'-- The C compiler identification is GNU 13.3.0\n'}
[0.500335] (-) TimerEvent: {}
[0.579453] (maze_interfaces) StdoutLine: {'line': b'-- The CXX compiler identification is GNU 13.3.0\n'}
[0.600428] (-) TimerEvent: {}
[0.607564] (maze_interfaces) StdoutLine: {'line': b'-- Detecting C compiler ABI info\n'}
[0.700531] (-) TimerEvent: {}
[0.763406] (maze_interfaces) StdoutLine: {'line': b'-- Detecting C compiler ABI info - done\n'}
[0.778661] (maze_interfaces) StdoutLine: {'line': b'-- Check for working C compiler: /usr/bin/cc - skipped\n'}
[0.779049] (maze_interfaces) StdoutLine: {'line': b'-- Detecting C compile features\n'}
[0.779688] (maze_interfaces) StdoutLine: {'line': b'-- Detecting C compile features - done\n'}
[0.796173] (maze_interfaces) StdoutLine: {'line': b'-- Detecting CXX compiler ABI info\n'}
[0.800637] (-) TimerEvent: {}
[0.900969] (-) TimerEvent: {}
[0.983101] (maze_interfaces) StdoutLine: {'line': b'-- Detecting CXX compiler ABI info - done\n'}
[0.999152] (maze_interfaces) StdoutLine: {'line': b'-- Check for working CXX compiler: /usr/bin/c++ - skipped\n'}
[0.999573] (maze_interfaces) StdoutLine: {'line': b'-- Detecting CXX compile features\n'}
[1.000229] (maze_interfaces) StdoutLine: {'line': b'-- Detecting CXX compile features - done\n'}
[1.001032] (-) TimerEvent: {}
[1.008548] (maze_interfaces) StdoutLine: {'line': b'-- Found ament_cmake: 2.5.6 (/opt/ros/jazzy/share/ament_cmake/cmake)\n'}
[1.101140] (-) TimerEvent: {}
[1.201432] (-) TimerEvent: {}
[1.275170] (maze_interfaces) StdoutLine: {'line': b'-- Found Python3: /usr/bin/python3 (found version "3.12.3") found components: Interpreter \n'}
[1.301554] (-) TimerEvent: {}
[1.401934] (-) TimerEvent: {}
[1.502267] (-) TimerEvent: {}
[1.516082] (maze_interfaces) StdoutLine: {'line': b'-- Found rosidl_default_generators: 1.6.1 (/opt/ros/jazzy/share/rosidl_default_generators/cmake)\n'}
[1.532979] (maze_interfaces) StdoutLine: {'line': b'-- Using all available rosidl_typesupport_c: rosidl_typesupport_fastrtps_c;rosidl_typesupport_introspection_c\n'}
[1.602378] (-) TimerEvent: {}
[1.666998] (maze_interfaces) StdoutLine: {'line': b'-- Using all available rosidl_typesupport_cpp: rosidl_typesupport_fastrtps_cpp;rosidl_typesupport_introspection_cpp\n'}
[1.702481] (-) TimerEvent: {}
[1.796076] (maze_interfaces) StdoutLine: {'line': b'-- Found rosidl_adapter: 4.6.9 (/opt/ros/jazzy/share/rosidl_adapter/cmake)\n'}
[1.802590] (-) TimerEvent: {}
[1.878384] (maze_solver) Command: {'cmd': ['/usr/bin/python3', '-W', 'ignore:setup.py install is deprecated', '-W', 'ignore:easy_install command is deprecated', 'setup.py', 'egg_info', '--egg-base', '../build/maze_solver', 'build', '--build-base', '/home/abdulrahman/training_ws/src/group4_task/build/maze_solver/build', 'install', '--record', '/home/abdulrahman/training_ws/src/group4_task/build/maze_solver/install.log', '--install-scripts', '$base/lib/maze_solver', '--single-version-externally-managed', 'install_data'], 'cwd': '/home/abdulrahman/training_ws/src/group4_task/maze_solver', 'env': {'GZ_SIM_RESOURCE_PATH': '/opt/ros/jazzy/share', 'USER': 'abdulrahman', 'GZ_CONFIG_PATH': '/opt/ros/jazzy/opt/gz_sim_vendor/share/gz:/opt/ros/jazzy/opt/sdformat_vendor/share/gz:/opt/ros/jazzy/opt/gz_gui_vendor/share/gz:/opt/ros/jazzy/opt/gz_transport_vendor/share/gz:/opt/ros/jazzy/opt/gz_rendering_vendor/share/gz:/opt/ros/jazzy/opt/gz_plugin_vendor/share/gz:/opt/ros/jazzy/opt/gz_fuel_tools_vendor/share/gz:/opt/ros/jazzy/opt/gz_msgs_vendor/share/gz:/opt/ros/jazzy/opt/gz_common_vendor/share/gz', 'XDG_SESSION_TYPE': 'x11', 'CLUTTER_DISABLE_MIPMAPPED_TEXT': '1', 'SHLVL': '1', 'LD_LIBRARY_PATH': '/opt/ros/jazzy/opt/gz_sim_vendor/lib:/opt/ros/jazzy/opt/gz_sensors_vendor/lib:/opt/ros/jazzy/opt/gz_physics_vendor/lib:/opt/ros/jazzy/opt/sdformat_vendor/lib:/opt/ros/jazzy/opt/rviz_ogre_vendor/lib:/opt/ros/jazzy/lib/x86_64-linux-gnu:/opt/ros/jazzy/opt/gz_gui_vendor/lib:/opt/ros/jazzy/opt/gz_transport_vendor/lib:/opt/ros/jazzy/opt/gz_rendering_vendor/lib:/opt/ros/jazzy/opt/gz_plugin_vendor/lib:/opt/ros/jazzy/opt/gz_fuel_tools_vendor/lib:/opt/ros/jazzy/opt/gz_msgs_vendor/lib:/opt/ros/jazzy/opt/gz_common_vendor/lib:/opt/ros/jazzy/opt/gz_math_vendor/lib:/opt/ros/jazzy/opt/gz_utils_vendor/lib:/opt/ros/jazzy/opt/gz_tools_vendor/lib:/opt/ros/jazzy/opt/gz_ogre_next_vendor/lib:/opt/ros/jazzy/opt/gz_dartsim_vendor/lib:/opt/ros/jazzy/opt/gz_cmake_vendor/lib:/opt/ros/jazzy/lib', 'HOME': '/home/abdulrahman', 'DESKTOP_SESSION': 'ubuntu', 'ROS_PYTHON_VERSION': '3', 'GNOME_SHELL_SESSION_MODE': 'ubuntu', 'GTK_MODULES': 'gail:atk-bridge', 'SYSTEMD_EXEC_PID': '12906', 'GSM_SKIP_SSH_AGENT_WORKAROUND': 'true', 'DBUS_SESSION_BUS_ADDRESS': 'unix:path=/run/user/1000/bus', 'COLORTERM': 'truecolor', 'DEBUGINFOD_URLS': 'https://debuginfod.ubuntu.com', 'COLCON_PREFIX_PATH': '/home/abdulrahman/training_ws/install', 'ROS_DISTRO': 'jazzy', 'LOGNAME': 'abdulrahman', '_': '/usr/bin/colcon', 'ROS_VERSION': '2', 'MEMORY_PRESSURE_WATCH': '/sys/fs/cgroup/user.slice/user-1000.slice/user@1000.service/session.slice/org.gnome.Shell@x11.service/memory.pressure', 'XDG_SESSION_CLASS': 'user', 'USERNAME': 'abdulrahman', 'TERM': 'xterm-256color', 'GNOME_DESKTOP_SESSION_ID': 'this-is-deprecated', 'WINDOWPATH': '2', 'PATH': '/opt/ros/jazzy/opt/gz_msgs_vendor/bin:/opt/ros/jazzy/opt/gz_tools_vendor/bin:/opt/ros/jazzy/opt/gz_ogre_next_vendor/bin:/opt/ros/jazzy/bin:/usr/local/sbin:/usr/local/bin:/usr/sbin:/usr/bin:/sbin:/bin:/usr/games:/usr/local/games:/snap/bin:/snap/bin', 'SESSION_MANAGER': 'local/AbdulrahmanDevice:@/tmp/.ICE-unix/12875,unix/AbdulrahmanDevice:/tmp/.ICE-unix/12875', 'XDG_MENU_PREFIX': 'gnome-', 'GNOME_TERMINAL_SCREEN': '/org/gnome/Terminal/screen/d674c155_cf41_48f4_a5d5_5dcd1b59e166', 'XDG_RUNTIME_DIR': '/run/user/1000', 'DISPLAY': ':1', 'LANG': 'en_US.UTF-8', 'XDG_CURRENT_DESKTOP': 'ubuntu:GNOME', 'XMODIFIERS': '@im=ibus', 'XDG_SESSION_DESKTOP': 'ubuntu', 'XAUTHORITY': '/run/user/1000/gdm/Xauthority', 'GNOME_TERMINAL_SERVICE': ':1.96', 'SSH_AUTH_SOCK': '/run/user/1000/keyring/ssh', 'AMENT_PREFIX_PATH': '/opt/ros/jazzy', 'SHELL': '/bin/bash', 'QT_ACCESSIBILITY': '1', 'GDMSESSION': 'ubuntu', 'GPG_AGENT_INFO': '/run/user/1000/gnupg/S.gpg-agent:0:1', 'ROS_AUTOMATIC_DISCOVERY_RANGE': 'SUBNET', 'QT_IM_MODULE': 'ibus', 'PWD': '/home/abdulrahman/training_ws/src/group4_task/build/maze_solver', 'LC_ALL': 'en_US.UTF-8', 'XDG_CONFIG_DIRS': '/etc/xdg/xdg-ubuntu:/etc/xdg', 'XDG_DATA_DIRS': '/usr/share/ubuntu:/usr/share/gnome:/usr/local/share/:/usr/share/:/var/lib/snapd/desktop', 'PYTHONPATH': '/home/abdulrahman/training_ws/src/group4_task/build/maze_solver/prefix_override:/usr/lib/python3/dist-packages/colcon_core/task/python/colcon_distutils_commands:/home/abdulrahman/training_ws/src/group4_task/install/maze_solver/lib/python3.12/site-packages:/opt/ros/jazzy/lib/python3.12/site-packages', 'COLCON': '1', 'MEMORY_PRESSURE_WRITE': 'c29tZSAyMDAwMDAgMjAwMDAwMAA=', 'VTE_VERSION': '7600', 'CMAKE_PREFIX_PATH': '/opt/ros/jazzy/opt/gz_sim_vendor:/opt/ros/jazzy/opt/gz_sensors_vendor:/opt/ros/jazzy/opt/gz_physics_vendor:/opt/ros/jazzy/opt/sdformat_vendor:/opt/ros/jazzy/opt/gz_gui_vendor:/opt/ros/jazzy/opt/gz_transport_vendor:/opt/ros/jazzy/opt/gz_rendering_vendor:/opt/ros/jazzy/opt/gz_plugin_vendor:/opt/ros/jazzy/opt/gz_fuel_tools_vendor:/opt/ros/jazzy/opt/gz_msgs_vendor:/opt/ros/jazzy/opt/gz_common_vendor:/opt/ros/jazzy/opt/gz_math_vendor:/opt/ros/jazzy/opt/gz_utils_vendor:/opt/ros/jazzy/opt/gz_tools_vendor:/opt/ros/jazzy/opt/gz_ogre_next_vendor:/opt/ros/jazzy/opt/gz_dartsim_vendor:/opt/ros/jazzy/opt/gz_cmake_vendor'}, 'shell': False}
[1.902723] (-) TimerEvent: {}
[1.930250] (maze_control) Command: {'cmd': ['/usr/bin/python3', '-W', 'ignore:setup.py install is deprecated', '-W', 'ignore:easy_install command is deprecated', 'setup.py', 'egg_info', '--egg-base', '../build/maze_control', 'build', '--build-base', '/home/abdulrahman/training_ws/src/group4_task/build/maze_control/build', 'install', '--record', '/home/abdulrahman/training_ws/src/group4_task/build/maze_control/install.log', '--install-scripts', '$base/lib/maze_control', '--single-version-externally-managed', 'install_data'], 'cwd': '/home/abdulrahman/training_ws/src/group4_task/maze_control', 'env': {'GZ_SIM_RESOURCE_PATH': '/opt/ros/jazzy/share', 'USER': 'abdulrahman', 'GZ_CONFIG_PATH': '/opt/ros/jazzy/opt/gz_sim_vendor/share/gz:/opt/ros/jazzy/opt/sdformat_vendor/share/gz:/opt/ros/jazzy/opt/gz_gui_vendor/share/gz:/opt/ros/jazzy/opt/gz_transport_vendor/share/gz:/opt/ros/jazzy/opt/gz_rendering_vendor/share/gz:/opt/ros/jazzy/opt/gz_plugin_vendor/share/gz:/opt/ros/jazzy/opt/gz_fuel_tools_vendor/share/gz:/opt/ros/jazzy/opt/gz_msgs_vendor/share/gz:/opt/ros/jazzy/opt/gz_common_vendor/share/gz', 'XDG_SESSION_TYPE': 'x11', 'CLUTTER_DISABLE_MIPMAPPED_TEXT': '1', 'SHLVL': '1', 'LD_LIBRARY_PATH': '/opt/ros/jazzy/opt/gz_sim_vendor/lib:/opt/ros/jazzy/opt/gz_sensors_vendor/lib:/opt/ros/jazzy/opt/gz_physics_vendor/lib:/opt/ros/jazzy/opt/sdformat_vendor/lib:/opt/ros/jazzy/opt/rviz_ogre_vendor/lib:/opt/ros/jazzy/lib/x86_64-linux-gnu:/opt/ros/jazzy/opt/gz_gui_vendor/lib:/opt/ros/jazzy/opt/gz_transport_vendor/lib:/opt/ros/jazzy/opt/gz_rendering_vendor/lib:/opt/ros/jazzy/opt/gz_plugin_vendor/lib:/opt/ros/jazzy/opt/gz_fuel_tools_vendor/lib:/opt/ros/jazzy/opt/gz_msgs_vendor/lib:/opt/ros/jazzy/opt/gz_common_vendor/lib:/opt/ros/jazzy/opt/gz_math_vendor/lib:/opt/ros/jazzy/opt/gz_utils_vendor/lib:/opt/ros/jazzy/opt/gz_tools_vendor/lib:/opt/ros/jazzy/opt/gz_ogre_next_vendor/lib:/opt/ros/jazzy/opt/gz_dartsim_vendor/lib:/opt/ros/jazzy/opt/gz_cmake_vendor/lib:/opt/ros/jazzy/lib', 'HOME': '/home/abdulrahman', 'DESKTOP_SESSION': 'ubuntu', 'ROS_PYTHON_VERSION': '3', 'GNOME_SHELL_SESSION_MODE': 'ubuntu', 'GTK_MODULES': 'gail:atk-bridge', 'SYSTEMD_EXEC_PID': '12906', 'GSM_SKIP_SSH_AGENT_WORKAROUND': 'true', 'DBUS_SESSION_BUS_ADDRESS': 'unix:path=/run/user/1000/bus', 'COLORTERM': 'truecolor', 'DEBUGINFOD_URLS': 'https://debuginfod.ubuntu.com', 'COLCON_PREFIX_PATH': '/home/abdulrahman/training_ws/install', 'ROS_DISTRO': 'jazzy', 'LOGNAME': 'abdulrahman', '_': '/usr/bin/colcon', 'ROS_VERSION': '2', 'MEMORY_PRESSURE_WATCH': '/sys/fs/cgroup/user.slice/user-1000.slice/user@1000.service/session.slice/org.gnome.Shell@x11.service/memory.pressure', 'XDG_SESSION_CLASS': 'user', 'USERNAME': 'abdulrahman', 'TERM': 'xterm-256color', 'GNOME_DESKTOP_SESSION_ID': 'this-is-deprecated', 'WINDOWPATH': '2', 'PATH': '/opt/ros/jazzy/opt/gz_msgs_vendor/bin:/opt/ros/jazzy/opt/gz_tools_vendor/bin:/opt/ros/jazzy/opt/gz_ogre_next_vendor/bin:/opt/ros/jazzy/bin:/usr/local/sbin:/usr/local/bin:/usr/sbin:/usr/bin:/sbin:/bin:/usr/games:/usr/local/games:/snap/bin:/snap/bin', 'SESSION_MANAGER': 'local/AbdulrahmanDevice:@/tmp/.ICE-unix/12875,unix/AbdulrahmanDevice:/tmp/.ICE-unix/12875', 'XDG_MENU_PREFIX': 'gnome-', 'GNOME_TERMINAL_SCREEN': '/org/gnome/Terminal/screen/d674c155_cf41_48f4_a5d5_5dcd1b59e166', 'XDG_RUNTIME_DIR': '/run/user/1000', 'DISPLAY': ':1', 'LANG': 'en_US.UTF-8', 'XDG_CURRENT_DESKTOP': 'ubuntu:GNOME', 'XMODIFIERS': '@im=ibus', 'XDG_SESSION_DESKTOP': 'ubuntu', 'XAUTHORITY': '/run/user/1000/gdm/Xauthority', 'GNOME_TERMINAL_SERVICE': ':1.96', 'SSH_AUTH_SOCK': '/run/user/1000/keyring/ssh', 'AMENT_PREFIX_PATH': '/opt/ros/jazzy', 'SHELL': '/bin/bash', 'QT_ACCESSIBILITY': '1', 'GDMSESSION': 'ubuntu', 'GPG_AGENT_INFO': '/run/user/1000/gnupg/S.gpg-agent:0:1', 'ROS_AUTOMATIC_DISCOVERY_RANGE': 'SUBNET', 'QT_IM_MODULE': 'ibus', 'PWD': '/home/abdulrahman/training_ws/src/group4_task/build/maze_control', 'LC_ALL': 'en_US.UTF-8', 'XDG_CONFIG_DIRS': '/etc/xdg/xdg-ubuntu:/etc/xdg', 'XDG_DATA_DIRS': '/usr/share/ubuntu:/usr/share/gnome:/usr/local/share/:/usr/share/:/var/lib/snapd/desktop', 'PYTHONPATH': '/home/abdulrahman/training_ws/src/group4_task/build/maze_control/prefix_override:/usr/lib/python3/dist-packages/colcon_core/task/python/colcon_distutils_commands:/home/abdulrahman/training_ws/src/group4_task/install/maze_control/lib/python3.12/site-packages:/opt/ros/jazzy/lib/python3.12/site-packages', 'COLCON': '1', 'MEMORY_PRESSURE_WRITE': 'c29tZSAyMDAwMDAgMjAwMDAwMAA=', 'VTE_VERSION': '7600', 'CMAKE_PREFIX_PATH': '/opt/ros/jazzy/opt/gz_sim_vendor:/opt/ros/jazzy/opt/gz_sensors_vendor:/opt/ros/jazzy/opt/gz_physics_vendor:/opt/ros/jazzy/opt/sdformat_vendor:/opt/ros/jazzy/opt/gz_gui_vendor:/opt/ros/jazzy/opt/gz_transport_vendor:/opt/ros/jazzy/opt/gz_rendering_vendor:/opt/ros/jazzy/opt/gz_plugin_vendor:/opt/ros/jazzy/opt/gz_fuel_tools_vendor:/opt/ros/jazzy/opt/gz_msgs_vendor:/opt/ros/jazzy/opt/gz_common_vendor:/opt/ros/jazzy/opt/gz_math_vendor:/opt/ros/jazzy/opt/gz_utils_vendor:/opt/ros/jazzy/opt/gz_tools_vendor:/opt/ros/jazzy/opt/gz_ogre_next_vendor:/opt/ros/jazzy/opt/gz_dartsim_vendor:/opt/ros/jazzy/opt/gz_cmake_vendor'}, 'shell': False}
[2.002840] (-) TimerEvent: {}
[2.103211] (-) TimerEvent: {}
[2.168582] (maze_control) StderrLine: {'line': b'/usr/lib/python3/dist-packages/setuptools/dist.py:744: SetuptoolsDeprecationWarning: Invalid dash-separated options\n'}
[2.168960] (maze_control) StderrLine: {'line': b'!!\n'}
[2.169140] (maze_control) StderrLine: {'line': b'\n'}
[2.169305] (maze_control) StderrLine: {'line': b'        ********************************************************************************\n'}
[2.169469] (maze_control) StderrLine: {'line': b"        Usage of dash-separated 'script-dir' will not be supported in future\n"}
[2.169633] (maze_control) StderrLine: {'line': b"        versions. Please use the underscore name 'script_dir' instead.\n"}
[2.169831] (maze_control) StderrLine: {'line': b'\n'}
[2.169992] (maze_control) StderrLine: {'line': b'        This deprecation is overdue, please update your project and remove deprecated\n'}
[2.170148] (maze_control) StderrLine: {'line': b'        calls to avoid build errors in the future.\n'}
[2.170303] (maze_control) StderrLine: {'line': b'\n'}
[2.170452] (maze_control) StderrLine: {'line': b'        See https://setuptools.pypa.io/en/latest/userguide/declarative_config.html for details.\n'}
[2.170606] (maze_control) StderrLine: {'line': b'        ********************************************************************************\n'}
[2.170793] (maze_control) StderrLine: {'line': b'\n'}
[2.170952] (maze_control) StderrLine: {'line': b'!!\n'}
[2.171102] (maze_control) StderrLine: {'line': b'  opt = self.warn_dash_deprecation(opt, section)\n'}
[2.203327] (-) TimerEvent: {}
[2.303694] (-) TimerEvent: {}
[2.404058] (-) TimerEvent: {}
[2.417222] (maze_solver) StdoutLine: {'line': b'running egg_info\n'}
[2.417719] (maze_solver) StdoutLine: {'line': b'creating ../build/maze_solver/maze_solver.egg-info\n'}
[2.446558] (maze_control) StdoutLine: {'line': b'running egg_info\n'}
[2.447175] (maze_control) StdoutLine: {'line': b'creating ../build/maze_control/maze_control.egg-info\n'}
[2.456842] (maze_solver) StdoutLine: {'line': b'writing ../build/maze_solver/maze_solver.egg-info/PKG-INFO\n'}
[2.457399] (maze_solver) StdoutLine: {'line': b'writing dependency_links to ../build/maze_solver/maze_solver.egg-info/dependency_links.txt\n'}
[2.457808] (maze_solver) StdoutLine: {'line': b'writing entry points to ../build/maze_solver/maze_solver.egg-info/entry_points.txt\n'}
[2.458144] (maze_solver) StdoutLine: {'line': b'writing requirements to ../build/maze_solver/maze_solver.egg-info/requires.txt\n'}
[2.458452] (maze_solver) StdoutLine: {'line': b'writing top-level names to ../build/maze_solver/maze_solver.egg-info/top_level.txt\n'}
[2.458743] (maze_solver) StdoutLine: {'line': b"writing manifest file '../build/maze_solver/maze_solver.egg-info/SOURCES.txt'\n"}
[2.484836] (maze_control) StdoutLine: {'line': b'writing ../build/maze_control/maze_control.egg-info/PKG-INFO\n'}
[2.485217] (maze_control) StdoutLine: {'line': b'writing dependency_links to ../build/maze_control/maze_control.egg-info/dependency_links.txt\n'}
[2.485457] (maze_control) StdoutLine: {'line': b'writing entry points to ../build/maze_control/maze_control.egg-info/entry_points.txt\n'}
[2.485643] (maze_control) StdoutLine: {'line': b'writing requirements to ../build/maze_control/maze_control.egg-info/requires.txt\n'}
[2.485849] (maze_control) StdoutLine: {'line': b'writing top-level names to ../build/maze_control/maze_control.egg-info/top_level.txt\n'}
[2.486032] (maze_control) StdoutLine: {'line': b"writing manifest file '../build/maze_control/maze_control.egg-info/SOURCES.txt'\n"}
[2.504152] (-) TimerEvent: {}
[2.538593] (maze_solver) StdoutLine: {'line': b"reading manifest file '../build/maze_solver/maze_solver.egg-info/SOURCES.txt'\n"}
[2.539695] (maze_solver) StdoutLine: {'line': b"writing manifest file '../build/maze_solver/maze_solver.egg-info/SOURCES.txt'\n"}
[2.540063] (maze_solver) StdoutLine: {'line': b'running build\n'}
[2.540267] (maze_solver) StdoutLine: {'line': b'running build_py\n'}
[2.540495] (maze_solver) StdoutLine: {'line': b'creating /home/abdulrahman/training_ws/src/group4_task/build/maze_solver/build\n'}
[2.540802] (maze_solver) StdoutLine: {'line': b'creating /home/abdulrahman/training_ws/src/group4_task/build/maze_solver/build/lib\n'}
[2.541018] (maze_solver) StdoutLine: {'line': b'creating /home/abdulrahman/training_ws/src/group4_task/build/maze_solver/build/lib/maze_solver\n'}
[2.541468] (maze_solver) StdoutLine: {'line': b'copying maze_solver/yaw_action_server.py -> /home/abdulrahman/training_ws/src/group4_task/build/maze_solver/build/lib/maze_solver\n'}
[2.541870] (maze_solver) StdoutLine: {'line': b'copying maze_solver/action_client.py -> /home/abdulrahman/training_ws/src/group4_task/build/maze_solver/build/lib/maze_solver\n'}
[2.542062] (maze_solver) StdoutLine: {'line': b'copying maze_solver/movex_action_server.py -> /home/abdulrahman/training_ws/src/group4_task/build/maze_solver/build/lib/maze_solver\n'}
[2.542257] (maze_solver) StdoutLine: {'line': b'copying maze_solver/__init__.py -> /home/abdulrahman/training_ws/src/group4_task/build/maze_solver/build/lib/maze_solver\n'}
[2.542530] (maze_solver) StdoutLine: {'line': b'running install\n'}
[2.553185] (maze_solver) StdoutLine: {'line': b'running install_lib\n'}
[2.568673] (maze_control) StdoutLine: {'line': b"reading manifest file '../build/maze_control/maze_control.egg-info/SOURCES.txt'\n"}
[2.569779] (maze_control) StdoutLine: {'line': b"writing manifest file '../build/maze_control/maze_control.egg-info/SOURCES.txt'\n"}
[2.570024] (maze_control) StdoutLine: {'line': b'running build\n'}
[2.570196] (maze_control) StdoutLine: {'line': b'running build_py\n'}
[2.570384] (maze_control) StdoutLine: {'line': b'creating /home/abdulrahman/training_ws/src/group4_task/build/maze_control/build\n'}
[2.570538] (maze_control) StdoutLine: {'line': b'creating /home/abdulrahman/training_ws/src/group4_task/build/maze_control/build/lib\n'}
[2.570726] (maze_control) StdoutLine: {'line': b'creating /home/abdulrahman/training_ws/src/group4_task/build/maze_control/build/lib/maze_control\n'}
[2.570998] (maze_control) StdoutLine: {'line': b'copying maze_control/maze_timer_node.py -> /home/abdulrahman/training_ws/src/group4_task/build/maze_control/build/lib/maze_control\n'}
[2.571268] (maze_control) StdoutLine: {'line': b'copying maze_control/wall_retraction_service.py -> /home/abdulrahman/training_ws/src/group4_task/build/maze_control/build/lib/maze_control\n'}
[2.571632] (maze_control) StdoutLine: {'line': b'copying maze_control/__init__.py -> /home/abdulrahman/training_ws/src/group4_task/build/maze_control/build/lib/maze_control\n'}
[2.572060] (maze_control) StdoutLine: {'line': b'running install\n'}
[2.583514] (maze_control) StdoutLine: {'line': b'running install_lib\n'}
[2.595223] (maze_solver) StdoutLine: {'line': b'creating /home/abdulrahman/training_ws/src/group4_task/install/maze_solver/lib/python3.12/site-packages/maze_solver\n'}
[2.595609] (maze_solver) StdoutLine: {'line': b'copying /home/abdulrahman/training_ws/src/group4_task/build/maze_solver/build/lib/maze_solver/yaw_action_server.py -> /home/abdulrahman/training_ws/src/group4_task/install/maze_solver/lib/python3.12/site-packages/maze_solver\n'}
[2.595954] (maze_solver) StdoutLine: {'line': b'copying /home/abdulrahman/training_ws/src/group4_task/build/maze_solver/build/lib/maze_solver/action_client.py -> /home/abdulrahman/training_ws/src/group4_task/install/maze_solver/lib/python3.12/site-packages/maze_solver\n'}
[2.596250] (maze_solver) StdoutLine: {'line': b'copying /home/abdulrahman/training_ws/src/group4_task/build/maze_solver/build/lib/maze_solver/movex_action_server.py -> /home/abdulrahman/training_ws/src/group4_task/install/maze_solver/lib/python3.12/site-packages/maze_solver\n'}
[2.596457] (maze_solver) StdoutLine: {'line': b'copying /home/abdulrahman/training_ws/src/group4_task/build/maze_solver/build/lib/maze_solver/__init__.py -> /home/abdulrahman/training_ws/src/group4_task/install/maze_solver/lib/python3.12/site-packages/maze_solver\n'}
[2.597345] (maze_solver) StdoutLine: {'line': b'byte-compiling /home/abdulrahman/training_ws/src/group4_task/install/maze_solver/lib/python3.12/site-packages/maze_solver/yaw_action_server.py to yaw_action_server.cpython-312.pyc\n'}
[2.600241] (maze_solver) StdoutLine: {'line': b'byte-compiling /home/abdulrahman/training_ws/src/group4_task/install/maze_solver/lib/python3.12/site-packages/maze_solver/action_client.py to action_client.cpython-312.pyc\n'}
[2.601869] (maze_solver) StdoutLine: {'line': b'byte-compiling /home/abdulrahman/training_ws/src/group4_task/install/maze_solver/lib/python3.12/site-packages/maze_solver/movex_action_server.py to movex_action_server.cpython-312.pyc\n'}
[2.603213] (maze_solver) StdoutLine: {'line': b'byte-compiling /home/abdulrahman/training_ws/src/group4_task/install/maze_solver/lib/python3.12/site-packages/maze_solver/__init__.py to __init__.cpython-312.pyc\n'}
[2.603500] (maze_solver) StdoutLine: {'line': b'running install_data\n'}
[2.603752] (maze_solver) StdoutLine: {'line': b'creating /home/abdulrahman/training_ws/src/group4_task/install/maze_solver/share/ament_index\n'}
[2.603919] (maze_solver) StdoutLine: {'line': b'creating /home/abdulrahman/training_ws/src/group4_task/install/maze_solver/share/ament_index/resource_index\n'}
[2.604031] (maze_solver) StdoutLine: {'line': b'creating /home/abdulrahman/training_ws/src/group4_task/install/maze_solver/share/ament_index/resource_index/packages\n'}
[2.604150] (-) TimerEvent: {}
[2.604372] (maze_solver) StdoutLine: {'line': b'copying resource/maze_solver -> /home/abdulrahman/training_ws/src/group4_task/install/maze_solver/share/ament_index/resource_index/packages\n'}
[2.604621] (maze_solver) StdoutLine: {'line': b'copying package.xml -> /home/abdulrahman/training_ws/src/group4_task/install/maze_solver/share/maze_solver\n'}
[2.604847] (maze_solver) StdoutLine: {'line': b'running install_egg_info\n'}
[2.622609] (maze_control) StdoutLine: {'line': b'creating /home/abdulrahman/training_ws/src/group4_task/install/maze_control/lib/python3.12/site-packages/maze_control\n'}
[2.622984] (maze_control) StdoutLine: {'line': b'copying /home/abdulrahman/training_ws/src/group4_task/build/maze_control/build/lib/maze_control/maze_timer_node.py -> /home/abdulrahman/training_ws/src/group4_task/install/maze_control/lib/python3.12/site-packages/maze_control\n'}
[2.623232] (maze_control) StdoutLine: {'line': b'copying /home/abdulrahman/training_ws/src/group4_task/build/maze_control/build/lib/maze_control/wall_retraction_service.py -> /home/abdulrahman/training_ws/src/group4_task/install/maze_control/lib/python3.12/site-packages/maze_control\n'}
[2.623428] (maze_control) StdoutLine: {'line': b'copying /home/abdulrahman/training_ws/src/group4_task/build/maze_control/build/lib/maze_control/__init__.py -> /home/abdulrahman/training_ws/src/group4_task/install/maze_control/lib/python3.12/site-packages/maze_control\n'}
[2.624095] (maze_control) StdoutLine: {'line': b'byte-compiling /home/abdulrahman/training_ws/src/group4_task/install/maze_control/lib/python3.12/site-packages/maze_control/maze_timer_node.py to maze_timer_node.cpython-312.pyc\n'}
[2.625708] (maze_control) StdoutLine: {'line': b'byte-compiling /home/abdulrahman/training_ws/src/group4_task/install/maze_control/lib/python3.12/site-packages/maze_control/wall_retraction_service.py to wall_retraction_service.cpython-312.pyc\n'}
[2.627503] (maze_control) StdoutLine: {'line': b'byte-compiling /home/abdulrahman/training_ws/src/group4_task/install/maze_control/lib/python3.12/site-packages/maze_control/__init__.py to __init__.cpython-312.pyc\n'}
[2.627857] (maze_control) StdoutLine: {'line': b'running install_data\n'}
[2.628065] (maze_control) StdoutLine: {'line': b'creating /home/abdulrahman/training_ws/src/group4_task/install/maze_control/share/ament_index\n'}
[2.628481] (maze_control) StdoutLine: {'line': b'creating /home/abdulrahman/training_ws/src/group4_task/install/maze_control/share/ament_index/resource_index\n'}
[2.628697] (maze_control) StdoutLine: {'line': b'creating /home/abdulrahman/training_ws/src/group4_task/install/maze_control/share/ament_index/resource_index/packages\n'}
[2.628957] (maze_control) StdoutLine: {'line': b'copying resource/maze_control -> /home/abdulrahman/training_ws/src/group4_task/install/maze_control/share/ament_index/resource_index/packages\n'}
[2.629331] (maze_control) StdoutLine: {'line': b'copying package.xml -> /home/abdulrahman/training_ws/src/group4_task/install/maze_control/share/maze_control\n'}
[2.629546] (maze_control) StdoutLine: {'line': b'creating /home/abdulrahman/training_ws/src/group4_task/install/maze_control/share/maze_control/launch\n'}
[2.629757] (maze_control) StdoutLine: {'line': b'copying launch/maze_simulation_tb3.launch.py -> /home/abdulrahman/training_ws/src/group4_task/install/maze_control/share/maze_control/launch\n'}
[2.629923] (maze_control) StdoutLine: {'line': b'creating /home/abdulrahman/training_ws/src/group4_task/install/maze_control/share/maze_control/worlds\n'}
[2.630028] (maze_control) StdoutLine: {'line': b'copying worlds/maze_world.sdf -> /home/abdulrahman/training_ws/src/group4_task/install/maze_control/share/maze_control/worlds\n'}
[2.631244] (maze_control) StdoutLine: {'line': b'creating /home/abdulrahman/training_ws/src/group4_task/install/maze_control/share/maze_control/config\n'}
[2.631488] (maze_control) StdoutLine: {'line': b'copying config/bridge_config.yaml -> /home/abdulrahman/training_ws/src/group4_task/install/maze_control/share/maze_control/config\n'}
[2.631774] (maze_control) StdoutLine: {'line': b'copying config/gui.config -> /home/abdulrahman/training_ws/src/group4_task/install/maze_control/share/maze_control/config\n'}
[2.632508] (maze_control) StdoutLine: {'line': b'creating /home/abdulrahman/training_ws/src/group4_task/install/maze_control/share/maze_control/models\n'}
[2.632685] (maze_control) StdoutLine: {'line': b'creating /home/abdulrahman/training_ws/src/group4_task/install/maze_control/share/maze_control/models/simple_robot\n'}
[2.632830] (maze_control) StdoutLine: {'line': b'running install_egg_info\n'}
[2.646465] (maze_solver) StdoutLine: {'line': b'Copying ../build/maze_solver/maze_solver.egg-info to /home/abdulrahman/training_ws/src/group4_task/install/maze_solver/lib/python3.12/site-packages/maze_solver-0.0.0-py3.12.egg-info\n'}
[2.648607] (maze_solver) StdoutLine: {'line': b'running install_scripts\n'}
[2.680662] (maze_control) StdoutLine: {'line': b'Copying ../build/maze_control/maze_control.egg-info to /home/abdulrahman/training_ws/src/group4_task/install/maze_control/lib/python3.12/site-packages/maze_control-0.1.0-py3.12.egg-info\n'}
[2.682450] (maze_control) StdoutLine: {'line': b'running install_scripts\n'}
[2.704259] (-) TimerEvent: {}
[2.804573] (-) TimerEvent: {}
[2.904940] (-) TimerEvent: {}
[2.908449] (maze_solver) StdoutLine: {'line': b'Installing action script to /home/abdulrahman/training_ws/src/group4_task/install/maze_solver/lib/maze_solver\n'}
[2.908840] (maze_solver) StdoutLine: {'line': b'Installing move_x_action_server script to /home/abdulrahman/training_ws/src/group4_task/install/maze_solver/lib/maze_solver\n'}
[2.909482] (maze_solver) StdoutLine: {'line': b"writing list of installed files to '/home/abdulrahman/training_ws/src/group4_task/build/maze_solver/install.log'\n"}
[2.937315] (maze_control) StdoutLine: {'line': b'Installing maze_timer_node script to /home/abdulrahman/training_ws/src/group4_task/install/maze_control/lib/maze_control\n'}
[2.937644] (maze_control) StdoutLine: {'line': b'Installing wall_retraction_service script to /home/abdulrahman/training_ws/src/group4_task/install/maze_control/lib/maze_control\n'}
[2.938123] (maze_control) StdoutLine: {'line': b"writing list of installed files to '/home/abdulrahman/training_ws/src/group4_task/build/maze_control/install.log'\n"}
[2.970316] (maze_solver) CommandEnded: {'returncode': 0}
[2.986067] (maze_solver) JobEnded: {'identifier': 'maze_solver', 'rc': 0}
[2.999264] (maze_control) CommandEnded: {'returncode': 0}
[3.005107] (-) TimerEvent: {}
[3.007598] (maze_control) JobEnded: {'identifier': 'maze_control', 'rc': 0}
[3.040995] (maze_interfaces) StdoutLine: {'line': b'-- Found ament_cmake_ros: 0.12.1 (/opt/ros/jazzy/share/ament_cmake_ros/cmake)\n'}
[3.105211] (-) TimerEvent: {}
[3.205498] (-) TimerEvent: {}
[3.305880] (-) TimerEvent: {}
[3.406168] (-) TimerEvent: {}
[3.506472] (-) TimerEvent: {}
[3.606804] (-) TimerEvent: {}
[3.707119] (-) TimerEvent: {}
[3.807417] (-) TimerEvent: {}
[3.826346] (maze_interfaces) StdoutLine: {'line': b'-- Using all available rosidl_typesupport_c: rosidl_typesupport_fastrtps_c;rosidl_typesupport_introspection_c\n'}
[3.907520] (-) TimerEvent: {}
[4.007826] (-) TimerEvent: {}
[4.108173] (-) TimerEvent: {}
[4.208515] (-) TimerEvent: {}
[4.308790] (-) TimerEvent: {}
[4.409099] (-) TimerEvent: {}
[4.509393] (-) TimerEvent: {}
[4.609701] (-) TimerEvent: {}
[4.709992] (-) TimerEvent: {}
[4.775144] (maze_interfaces) StdoutLine: {'line': b'-- Using all available rosidl_typesupport_cpp: rosidl_typesupport_fastrtps_cpp;rosidl_typesupport_introspection_cpp\n'}
[4.784091] (maze_interfaces) StdoutLine: {'line': b'-- Found python_cmake_module: 0.11.1 (/opt/ros/jazzy/share/python_cmake_module/cmake)\n'}
[4.810089] (-) TimerEvent: {}
[4.910388] (-) TimerEvent: {}
[5.000573] (maze_interfaces) StdoutLine: {'line': b'-- Found PythonExtra: /usr/bin/python3  \n'}
[5.010482] (-) TimerEvent: {}
[5.110725] (-) TimerEvent: {}
[5.211002] (-) TimerEvent: {}
[5.311286] (-) TimerEvent: {}
[5.411554] (-) TimerEvent: {}
[5.511891] (-) TimerEvent: {}
[5.612215] (-) TimerEvent: {}
[5.666296] (maze_interfaces) StdoutLine: {'line': b'-- Found Python3: /usr/bin/python3 (found version "3.12.3") found components: Interpreter Development NumPy Development.Module Development.Embed \n'}
[5.712324] (-) TimerEvent: {}
[5.758126] (maze_interfaces) StdoutLine: {'line': b'-- Found Python3: /usr/bin/python3 (found version "3.12.3") found components: Interpreter \n'}
[5.764948] (maze_interfaces) StdoutLine: {'line': b'-- Found ament_lint_auto: 0.17.5 (/opt/ros/jazzy/share/ament_lint_auto/cmake)\n'}
[5.812433] (-) TimerEvent: {}
[5.818669] (maze_interfaces) StdoutLine: {'line': b"-- Added test 'lint_cmake' to check CMake code style\n"}
[5.821067] (maze_interfaces) StdoutLine: {'line': b"-- Added test 'xmllint' to check XML markup files\n"}
[5.825631] (maze_interfaces) StdoutLine: {'line': b'-- Configuring done (5.4s)\n'}
[5.886079] (maze_interfaces) StdoutLine: {'line': b'-- Generating done (0.0s)\n'}
[5.903520] (maze_interfaces) StdoutLine: {'line': b'-- Build files have been written to: /home/abdulrahman/training_ws/src/group4_task/build/maze_interfaces\n'}
[5.912538] (-) TimerEvent: {}
[5.917614] (maze_interfaces) CommandEnded: {'returncode': 0}
[5.918231] (maze_interfaces) JobProgress: {'identifier': 'maze_interfaces', 'progress': 'build'}
[5.918859] (maze_interfaces) Command: {'cmd': ['/usr/bin/cmake', '--build', '/home/abdulrahman/training_ws/src/group4_task/build/maze_interfaces', '--', '-j16', '-l16'], 'cwd': '/home/abdulrahman/training_ws/src/group4_task/build/maze_interfaces', 'env': OrderedDict({'GZ_SIM_RESOURCE_PATH': '/opt/ros/jazzy/share', 'USER': 'abdulrahman', 'GZ_CONFIG_PATH': '/opt/ros/jazzy/opt/gz_sim_vendor/share/gz:/opt/ros/jazzy/opt/sdformat_vendor/share/gz:/opt/ros/jazzy/opt/gz_gui_vendor/share/gz:/opt/ros/jazzy/opt/gz_transport_vendor/share/gz:/opt/ros/jazzy/opt/gz_rendering_vendor/share/gz:/opt/ros/jazzy/opt/gz_plugin_vendor/share/gz:/opt/ros/jazzy/opt/gz_fuel_tools_vendor/share/gz:/opt/ros/jazzy/opt/gz_msgs_vendor/share/gz:/opt/ros/jazzy/opt/gz_common_vendor/share/gz', 'XDG_SESSION_TYPE': 'x11', 'CLUTTER_DISABLE_MIPMAPPED_TEXT': '1', 'SHLVL': '1', 'LD_LIBRARY_PATH': '/opt/ros/jazzy/opt/gz_sim_vendor/lib:/opt/ros/jazzy/opt/gz_sensors_vendor/lib:/opt/ros/jazzy/opt/gz_physics_vendor/lib:/opt/ros/jazzy/opt/sdformat_vendor/lib:/opt/ros/jazzy/opt/rviz_ogre_vendor/lib:/opt/ros/jazzy/lib/x86_64-linux-gnu:/opt/ros/jazzy/opt/gz_gui_vendor/lib:/opt/ros/jazzy/opt/gz_transport_vendor/lib:/opt/ros/jazzy/opt/gz_rendering_vendor/lib:/opt/ros/jazzy/opt/gz_plugin_vendor/lib:/opt/ros/jazzy/opt/gz_fuel_tools_vendor/lib:/opt/ros/jazzy/opt/gz_msgs_vendor/lib:/opt/ros/jazzy/opt/gz_common_vendor/lib:/opt/ros/jazzy/opt/gz_math_vendor/lib:/opt/ros/jazzy/opt/gz_utils_vendor/lib:/opt/ros/jazzy/opt/gz_tools_vendor/lib:/opt/ros/jazzy/opt/gz_ogre_next_vendor/lib:/opt/ros/jazzy/opt/gz_dartsim_vendor/lib:/opt/ros/jazzy/opt/gz_cmake_vendor/lib:/opt/ros/jazzy/lib', 'HOME': '/home/abdulrahman', 'DESKTOP_SESSION': 'ubuntu', 'ROS_PYTHON_VERSION': '3', 'GNOME_SHELL_SESSION_MODE': 'ubuntu', 'GTK_MODULES': 'gail:atk-bridge', 'SYSTEMD_EXEC_PID': '12906', 'GSM_SKIP_SSH_AGENT_WORKAROUND': 'true', 'DBUS_SESSION_BUS_ADDRESS': 'unix:path=/run/user/1000/bus', 'COLORTERM': 'truecolor', 'DEBUGINFOD_URLS': 'https://debuginfod.ubuntu.com', 'COLCON_PREFIX_PATH': '/home/abdulrahman/training_ws/install', 'ROS_DISTRO': 'jazzy', 'LOGNAME': 'abdulrahman', '_': '/usr/bin/colcon', 'ROS_VERSION': '2', 'MEMORY_PRESSURE_WATCH': '/sys/fs/cgroup/user.slice/user-1000.slice/user@1000.service/session.slice/org.gnome.Shell@x11.service/memory.pressure', 'XDG_SESSION_CLASS': 'user', 'USERNAME': 'abdulrahman', 'TERM': 'xterm-256color', 'GNOME_DESKTOP_SESSION_ID': 'this-is-deprecated', 'WINDOWPATH': '2', 'PATH': '/opt/ros/jazzy/opt/gz_msgs_vendor/bin:/opt/ros/jazzy/opt/gz_tools_vendor/bin:/opt/ros/jazzy/opt/gz_ogre_next_vendor/bin:/opt/ros/jazzy/bin:/usr/local/sbin:/usr/local/bin:/usr/sbin:/usr/bin:/sbin:/bin:/usr/games:/usr/local/games:/snap/bin:/snap/bin', 'SESSION_MANAGER': 'local/AbdulrahmanDevice:@/tmp/.ICE-unix/12875,unix/AbdulrahmanDevice:/tmp/.ICE-unix/12875', 'XDG_MENU_PREFIX': 'gnome-', 'GNOME_TERMINAL_SCREEN': '/org/gnome/Terminal/screen/d674c155_cf41_48f4_a5d5_5dcd1b59e166', 'XDG_RUNTIME_DIR': '/run/user/1000', 'DISPLAY': ':1', 'LANG': 'en_US.UTF-8', 'XDG_CURRENT_DESKTOP': 'ubuntu:GNOME', 'XMODIFIERS': '@im=ibus', 'XDG_SESSION_DESKTOP': 'ubuntu', 'XAUTHORITY': '/run/user/1000/gdm/Xauthority', 'GNOME_TERMINAL_SERVICE': ':1.96', 'SSH_AUTH_SOCK': '/run/user/1000/keyring/ssh', 'AMENT_PREFIX_PATH': '/opt/ros/jazzy', 'SHELL': '/bin/bash', 'QT_ACCESSIBILITY': '1', 'GDMSESSION': 'ubuntu', 'GPG_AGENT_INFO': '/run/user/1000/gnupg/S.gpg-agent:0:1', 'ROS_AUTOMATIC_DISCOVERY_RANGE': 'SUBNET', 'QT_IM_MODULE': 'ibus', 'PWD': '/home/abdulrahman/training_ws/src/group4_task/build/maze_interfaces', 'LC_ALL': 'en_US.UTF-8', 'XDG_CONFIG_DIRS': '/etc/xdg/xdg-ubuntu:/etc/xdg', 'XDG_DATA_DIRS': '/usr/share/ubuntu:/usr/share/gnome:/usr/local/share/:/usr/share/:/var/lib/snapd/desktop', 'PYTHONPATH': '/opt/ros/jazzy/lib/python3.12/site-packages', 'COLCON': '1', 'MEMORY_PRESSURE_WRITE': 'c29tZSAyMDAwMDAgMjAwMDAwMAA=', 'VTE_VERSION': '7600', 'CMAKE_PREFIX_PATH': '/opt/ros/jazzy/opt/gz_sim_vendor:/opt/ros/jazzy/opt/gz_sensors_vendor:/opt/ros/jazzy/opt/gz_physics_vendor:/opt/ros/jazzy/opt/sdformat_vendor:/opt/ros/jazzy/opt/gz_gui_vendor:/opt/ros/jazzy/opt/gz_transport_vendor:/opt/ros/jazzy/opt/gz_rendering_vendor:/opt/ros/jazzy/opt/gz_plugin_vendor:/opt/ros/jazzy/opt/gz_fuel_tools_vendor:/opt/ros/jazzy/opt/gz_msgs_vendor:/opt/ros/jazzy/opt/gz_common_vendor:/opt/ros/jazzy/opt/gz_math_vendor:/opt/ros/jazzy/opt/gz_utils_vendor:/opt/ros/jazzy/opt/gz_tools_vendor:/opt/ros/jazzy/opt/gz_ogre_next_vendor:/opt/ros/jazzy/opt/gz_dartsim_vendor:/opt/ros/jazzy/opt/gz_cmake_vendor:/opt/ros/jazzy'}), 'shell': False}
[5.993316] (maze_interfaces) StdoutLine: {'line': b'[  1%] \x1b[34m\x1b[1mGenerating type hashes for ROS interfaces\x1b[0m\n'}
[5.993685] (maze_interfaces) StdoutLine: {'line': b'[  3%] \x1b[34m\x1b[1mGenerating Rust code for ROS interfaces\x1b[0m\n'}
[6.007344] (maze_interfaces) StdoutLine: {'line': b'[  3%] Built target ament_cmake_python_copy_maze_interfaces\n'}
[6.012637] (-) TimerEvent: {}
[6.112921] (-) TimerEvent: {}
[6.213178] (-) TimerEvent: {}
[6.275711] (maze_interfaces) StdoutLine: {'line': b'running egg_info\n'}
[6.276696] (maze_interfaces) StdoutLine: {'line': b'creating maze_interfaces.egg-info\n'}
[6.301968] (maze_interfaces) StdoutLine: {'line': b'writing maze_interfaces.egg-info/PKG-INFO\n'}
[6.302195] (maze_interfaces) StdoutLine: {'line': b'writing dependency_links to maze_interfaces.egg-info/dependency_links.txt\n'}
[6.302321] (maze_interfaces) StdoutLine: {'line': b'writing top-level names to maze_interfaces.egg-info/top_level.txt\n'}
[6.302438] (maze_interfaces) StdoutLine: {'line': b"writing manifest file 'maze_interfaces.egg-info/SOURCES.txt'\n"}
[6.313290] (-) TimerEvent: {}
[6.323312] (maze_interfaces) StdoutLine: {'line': b'[  3%] Built target maze_interfaces__rosidl_generator_type_description\n'}
[6.338324] (maze_interfaces) StdoutLine: {'line': b'[  5%] \x1b[34m\x1b[1mGenerating C code for ROS interfaces\x1b[0m\n'}
[6.354676] (maze_interfaces) StdoutLine: {'line': b'[  7%] \x1b[34m\x1b[1mGenerating C++ code for ROS interfaces\x1b[0m\n'}
[6.378095] (maze_interfaces) StdoutLine: {'line': b"reading manifest file 'maze_interfaces.egg-info/SOURCES.txt'\n"}
[6.378678] (maze_interfaces) StdoutLine: {'line': b"writing manifest file 'maze_interfaces.egg-info/SOURCES.txt'\n"}
[6.405700] (maze_interfaces) StdoutLine: {'line': b'[  7%] Built target maze_interfaces__rs\n'}
[6.413404] (-) TimerEvent: {}
[6.430596] (maze_interfaces) StdoutLine: {'line': b'[  7%] Built target ament_cmake_python_build_maze_interfaces_egg\n'}
[6.513493] (-) TimerEvent: {}
[6.613771] (-) TimerEvent: {}
[6.714033] (-) TimerEvent: {}
[6.814288] (-) TimerEvent: {}
[6.914552] (-) TimerEvent: {}
[7.015738] (-) TimerEvent: {}
[7.039956] (maze_interfaces) StdoutLine: {'line': b'[  7%] Built target maze_interfaces__cpp\n'}
[7.108798] (maze_interfaces) StdoutLine: {'line': b'[ 20%] \x1b[32mBuilding C object CMakeFiles/maze_interfaces__rosidl_generator_c.dir/rosidl_generator_c/maze_interfaces/srv/detail/error__type_support.c.o\x1b[0m\n'}
[7.109089] (maze_interfaces) StdoutLine: {'line': b'[ 20%] \x1b[32mBuilding C object CMakeFiles/maze_interfaces__rosidl_generator_c.dir/rosidl_generator_c/maze_interfaces/action/detail/move_x__functions.c.o\x1b[0m\n'}
[7.109169] (maze_interfaces) StdoutLine: {'line': b'[ 20%] \x1b[32mBuilding C object CMakeFiles/maze_interfaces__rosidl_generator_c.dir/rosidl_generator_c/maze_interfaces/srv/detail/error__description.c.o\x1b[0m\n'}
[7.109271] (maze_interfaces) StdoutLine: {'line': b'[ 20%] \x1b[32mBuilding C object CMakeFiles/maze_interfaces__rosidl_generator_c.dir/rosidl_generator_c/maze_interfaces/action/detail/move_x__type_support.c.o\x1b[0m\n'}
[7.109355] (maze_interfaces) StdoutLine: {'line': b'[ 20%] \x1b[32mBuilding C object CMakeFiles/maze_interfaces__rosidl_generator_c.dir/rosidl_generator_c/maze_interfaces/srv/detail/error__functions.c.o\x1b[0m\n'}
[7.109467] (maze_interfaces) StdoutLine: {'line': b'[ 20%] \x1b[32mBuilding C object CMakeFiles/maze_interfaces__rosidl_generator_c.dir/rosidl_generator_c/maze_interfaces/action/detail/yaw__type_support.c.o\x1b[0m\n'}
[7.109573] (maze_interfaces) StdoutLine: {'line': b'[ 20%] \x1b[32mBuilding C object CMakeFiles/maze_interfaces__rosidl_generator_c.dir/rosidl_generator_c/maze_interfaces/action/detail/move_x__description.c.o\x1b[0m\n'}
[7.109712] (maze_interfaces) StdoutLine: {'line': b'[ 23%] \x1b[32mBuilding C object CMakeFiles/maze_interfaces__rosidl_generator_c.dir/rosidl_generator_c/maze_interfaces/action/detail/yaw__description.c.o\x1b[0m\n'}
[7.109807] (maze_interfaces) StdoutLine: {'line': b'[ 23%] \x1b[32mBuilding C object CMakeFiles/maze_interfaces__rosidl_generator_c.dir/rosidl_generator_c/maze_interfaces/action/detail/yaw__functions.c.o\x1b[0m\n'}
[7.115879] (-) TimerEvent: {}
[7.216306] (-) TimerEvent: {}
[7.270305] (maze_interfaces) StdoutLine: {'line': b'[ 25%] \x1b[32m\x1b[1mLinking C shared library libmaze_interfaces__rosidl_generator_c.so\x1b[0m\n'}
[7.315335] (maze_interfaces) StdoutLine: {'line': b'[ 25%] Built target maze_interfaces__rosidl_generator_c\n'}
[7.316431] (-) TimerEvent: {}
[7.328838] (maze_interfaces) StdoutLine: {'line': b'[ 34%] \x1b[34m\x1b[1mGenerating C++ type support dispatch for ROS interfaces\x1b[0m\n'}
[7.329743] (maze_interfaces) StdoutLine: {'line': b'[ 34%] \x1b[34m\x1b[1mGenerating C introspection for ROS interfaces\x1b[0m\n'}
[7.329871] (maze_interfaces) StdoutLine: {'line': b'[ 34%] \x1b[34m\x1b[1mGenerating C type support dispatch for ROS interfaces\x1b[0m\n'}
[7.330022] (maze_interfaces) StdoutLine: {'line': b'[ 34%] \x1b[34m\x1b[1mGenerating C type support for eProsima Fast-RTPS\x1b[0m\n'}
[7.330111] (maze_interfaces) StdoutLine: {'line': b'[ 34%] \x1b[34m\x1b[1mGenerating C++ type support for eProsima Fast-RTPS\x1b[0m\n'}
[7.330174] (maze_interfaces) StdoutLine: {'line': b'[ 36%] \x1b[34m\x1b[1mGenerating C++ introspection for ROS interfaces\x1b[0m\n'}
[7.416543] (-) TimerEvent: {}
[7.516875] (-) TimerEvent: {}
[7.617159] (-) TimerEvent: {}
[7.717443] (-) TimerEvent: {}
[7.755872] (maze_interfaces) StdoutLine: {'line': b'[ 41%] \x1b[32mBuilding CXX object CMakeFiles/maze_interfaces__rosidl_typesupport_c.dir/rosidl_typesupport_c/maze_interfaces/srv/error__type_support.cpp.o\x1b[0m\n'}
[7.756131] (maze_interfaces) StdoutLine: {'line': b'[ 41%] \x1b[32mBuilding CXX object CMakeFiles/maze_interfaces__rosidl_typesupport_c.dir/rosidl_typesupport_c/maze_interfaces/action/move_x__type_support.cpp.o\x1b[0m\n'}
[7.756244] (maze_interfaces) StdoutLine: {'line': b'[ 41%] \x1b[32mBuilding CXX object CMakeFiles/maze_interfaces__rosidl_typesupport_c.dir/rosidl_typesupport_c/maze_interfaces/action/yaw__type_support.cpp.o\x1b[0m\n'}
[7.770191] (maze_interfaces) StdoutLine: {'line': b'[ 45%] \x1b[32mBuilding CXX object CMakeFiles/maze_interfaces__rosidl_typesupport_cpp.dir/rosidl_typesupport_cpp/maze_interfaces/action/yaw__type_support.cpp.o\x1b[0m\n'}
[7.770453] (maze_interfaces) StdoutLine: {'line': b'[ 45%] \x1b[32mBuilding CXX object CMakeFiles/maze_interfaces__rosidl_typesupport_cpp.dir/rosidl_typesupport_cpp/maze_interfaces/action/move_x__type_support.cpp.o\x1b[0m\n'}
[7.772954] (maze_interfaces) StdoutLine: {'line': b'[ 47%] \x1b[32mBuilding CXX object CMakeFiles/maze_interfaces__rosidl_typesupport_cpp.dir/rosidl_typesupport_cpp/maze_interfaces/srv/error__type_support.cpp.o\x1b[0m\n'}
[7.817546] (-) TimerEvent: {}
[7.842736] (maze_interfaces) StdoutLine: {'line': b'[ 49%] \x1b[32m\x1b[1mLinking CXX shared library libmaze_interfaces__rosidl_typesupport_c.so\x1b[0m\n'}
[7.911858] (maze_interfaces) StdoutLine: {'line': b'[ 49%] Built target maze_interfaces__rosidl_typesupport_c\n'}
[7.914104] (maze_interfaces) StdoutLine: {'line': b'[ 52%] \x1b[32mBuilding CXX object CMakeFiles/maze_interfaces__rosidl_typesupport_introspection_cpp.dir/rosidl_typesupport_introspection_cpp/maze_interfaces/action/detail/move_x__type_support.cpp.o\x1b[0m\n'}
[7.914336] (maze_interfaces) StdoutLine: {'line': b'[ 52%] \x1b[32mBuilding CXX object CMakeFiles/maze_interfaces__rosidl_typesupport_introspection_cpp.dir/rosidl_typesupport_introspection_cpp/maze_interfaces/action/detail/yaw__type_support.cpp.o\x1b[0m\n'}
[7.915071] (maze_interfaces) StdoutLine: {'line': b'[ 54%] \x1b[32mBuilding CXX object CMakeFiles/maze_interfaces__rosidl_typesupport_introspection_cpp.dir/rosidl_typesupport_introspection_cpp/maze_interfaces/srv/detail/error__type_support.cpp.o\x1b[0m\n'}
[7.917646] (-) TimerEvent: {}
[8.003790] (maze_interfaces) StdoutLine: {'line': b'[ 58%] \x1b[32mBuilding C object CMakeFiles/maze_interfaces__rosidl_typesupport_introspection_c.dir/rosidl_typesupport_introspection_c/maze_interfaces/srv/detail/error__type_support.c.o\x1b[0m\n'}
[8.004097] (maze_interfaces) StdoutLine: {'line': b'[ 58%] \x1b[32mBuilding C object CMakeFiles/maze_interfaces__rosidl_typesupport_introspection_c.dir/rosidl_typesupport_introspection_c/maze_interfaces/action/detail/move_x__type_support.c.o\x1b[0m\n'}
[8.004246] (maze_interfaces) StdoutLine: {'line': b'[ 60%] \x1b[32mBuilding C object CMakeFiles/maze_interfaces__rosidl_typesupport_introspection_c.dir/rosidl_typesupport_introspection_c/maze_interfaces/action/detail/yaw__type_support.c.o\x1b[0m\n'}
[8.017764] (-) TimerEvent: {}
[8.117574] (maze_interfaces) StdoutLine: {'line': b'[ 61%] \x1b[32m\x1b[1mLinking C shared library libmaze_interfaces__rosidl_typesupport_introspection_c.so\x1b[0m\n'}
[8.117989] (-) TimerEvent: {}
[8.192064] (maze_interfaces) StdoutLine: {'line': b'[ 61%] Built target maze_interfaces__rosidl_typesupport_introspection_c\n'}
[8.218122] (-) TimerEvent: {}
[8.271247] (maze_interfaces) StdoutLine: {'line': b'[ 63%] \x1b[32mBuilding CXX object CMakeFiles/maze_interfaces__rosidl_typesupport_fastrtps_cpp.dir/rosidl_typesupport_fastrtps_cpp/maze_interfaces/action/detail/dds_fastrtps/move_x__type_support.cpp.o\x1b[0m\n'}
[8.271970] (maze_interfaces) StdoutLine: {'line': b'[ 67%] \x1b[32mBuilding CXX object CMakeFiles/maze_interfaces__rosidl_typesupport_fastrtps_cpp.dir/rosidl_typesupport_fastrtps_cpp/maze_interfaces/srv/detail/dds_fastrtps/error__type_support.cpp.o\x1b[0m\n'}
[8.272305] (maze_interfaces) StdoutLine: {'line': b'[ 67%] \x1b[32mBuilding CXX object CMakeFiles/maze_interfaces__rosidl_typesupport_fastrtps_cpp.dir/rosidl_typesupport_fastrtps_cpp/maze_interfaces/action/detail/dds_fastrtps/yaw__type_support.cpp.o\x1b[0m\n'}
[8.318287] (-) TimerEvent: {}
[8.364206] (maze_interfaces) StdoutLine: {'line': b'[ 72%] \x1b[32mBuilding CXX object CMakeFiles/maze_interfaces__rosidl_typesupport_fastrtps_c.dir/rosidl_typesupport_fastrtps_c/maze_interfaces/action/detail/move_x__type_support_c.cpp.o\x1b[0m\n'}
[8.364565] (maze_interfaces) StdoutLine: {'line': b'[ 72%] \x1b[32mBuilding CXX object CMakeFiles/maze_interfaces__rosidl_typesupport_fastrtps_c.dir/rosidl_typesupport_fastrtps_c/maze_interfaces/action/detail/yaw__type_support_c.cpp.o\x1b[0m\n'}
[8.364782] (maze_interfaces) StdoutLine: {'line': b'[ 72%] \x1b[32mBuilding CXX object CMakeFiles/maze_interfaces__rosidl_typesupport_fastrtps_c.dir/rosidl_typesupport_fastrtps_c/maze_interfaces/srv/detail/error__type_support_c.cpp.o\x1b[0m\n'}
[8.418756] (-) TimerEvent: {}
[8.519178] (-) TimerEvent: {}
[8.620007] (-) TimerEvent: {}
[8.720618] (-) TimerEvent: {}
[8.821725] (-) TimerEvent: {}
[8.825840] (maze_interfaces) StdoutLine: {'line': b'[ 74%] \x1b[32m\x1b[1mLinking CXX shared library libmaze_interfaces__rosidl_typesupport_cpp.so\x1b[0m\n'}
[8.921864] (-) TimerEvent: {}
[8.965281] (maze_interfaces) StdoutLine: {'line': b'[ 76%] \x1b[32m\x1b[1mLinking CXX shared library libmaze_interfaces__rosidl_typesupport_introspection_cpp.so\x1b[0m\n'}
[9.009305] (maze_interfaces) StdoutLine: {'line': b'[ 76%] Built target maze_interfaces__rosidl_typesupport_cpp\n'}
[9.022022] (-) TimerEvent: {}
[9.120547] (maze_interfaces) StdoutLine: {'line': b'[ 76%] Built target maze_interfaces__rosidl_typesupport_introspection_cpp\n'}
[9.122123] (-) TimerEvent: {}
[9.222445] (maze_interfaces) StdoutLine: {'line': b'[ 78%] \x1b[32m\x1b[1mLinking CXX shared library libmaze_interfaces__rosidl_typesupport_fastrtps_c.so\x1b[0m\n'}
[9.222883] (-) TimerEvent: {}
[9.323226] (-) TimerEvent: {}
[9.335610] (maze_interfaces) StdoutLine: {'line': b'[ 78%] Built target maze_interfaces__rosidl_typesupport_fastrtps_c\n'}
[9.423349] (-) TimerEvent: {}
[9.523612] (-) TimerEvent: {}
[9.555193] (maze_interfaces) StdoutLine: {'line': b'[ 80%] \x1b[32m\x1b[1mLinking CXX shared library libmaze_interfaces__rosidl_typesupport_fastrtps_cpp.so\x1b[0m\n'}
[9.623744] (-) TimerEvent: {}
[9.651869] (maze_interfaces) StdoutLine: {'line': b'[ 80%] Built target maze_interfaces__rosidl_typesupport_fastrtps_cpp\n'}
[9.677010] (maze_interfaces) StdoutLine: {'line': b'[ 80%] Built target maze_interfaces\n'}
[9.705634] (maze_interfaces) StdoutLine: {'line': b'[ 81%] \x1b[34m\x1b[1mGenerating Python code for ROS interfaces\x1b[0m\n'}
[9.723830] (-) TimerEvent: {}
[9.824051] (-) TimerEvent: {}
[9.924285] (-) TimerEvent: {}
[10.024498] (-) TimerEvent: {}
[10.124695] (-) TimerEvent: {}
[10.224911] (-) TimerEvent: {}
[10.325132] (-) TimerEvent: {}
[10.425372] (-) TimerEvent: {}
[10.525599] (-) TimerEvent: {}
[10.625917] (-) TimerEvent: {}
[10.726183] (-) TimerEvent: {}
[10.819777] (maze_interfaces) StdoutLine: {'line': b'[ 81%] Built target maze_interfaces__py\n'}
[10.826284] (-) TimerEvent: {}
[10.846187] (maze_interfaces) StdoutLine: {'line': b'[ 87%] \x1b[32mBuilding C object CMakeFiles/maze_interfaces__rosidl_generator_py.dir/rosidl_generator_py/maze_interfaces/srv/_error_s.c.o\x1b[0m\n'}
[10.846461] (maze_interfaces) StdoutLine: {'line': b'[ 87%] \x1b[32mBuilding C object CMakeFiles/maze_interfaces__rosidl_generator_py.dir/rosidl_generator_py/maze_interfaces/action/_move_x_s.c.o\x1b[0m\n'}
[10.846587] (maze_interfaces) StdoutLine: {'line': b'[ 87%] \x1b[32mBuilding C object CMakeFiles/maze_interfaces__rosidl_generator_py.dir/rosidl_generator_py/maze_interfaces/action/_yaw_s.c.o\x1b[0m\n'}
[10.926403] (-) TimerEvent: {}
[11.026706] (-) TimerEvent: {}
[11.057441] (maze_interfaces) StdoutLine: {'line': b'[ 89%] \x1b[32m\x1b[1mLinking C shared library libmaze_interfaces__rosidl_generator_py.so\x1b[0m\n'}
[11.112477] (maze_interfaces) StdoutLine: {'line': b'[ 89%] Built target maze_interfaces__rosidl_generator_py\n'}
[11.126811] (-) TimerEvent: {}
[11.137726] (maze_interfaces) StdoutLine: {'line': b'[ 94%] \x1b[32mBuilding C object CMakeFiles/maze_interfaces_s__rosidl_typesupport_c.dir/rosidl_generator_py/maze_interfaces/_maze_interfaces_s.ep.rosidl_typesupport_c.c.o\x1b[0m\n'}
[11.138011] (maze_interfaces) StdoutLine: {'line': b'[ 94%] \x1b[32mBuilding C object CMakeFiles/maze_interfaces_s__rosidl_typesupport_introspection_c.dir/rosidl_generator_py/maze_interfaces/_maze_interfaces_s.ep.rosidl_typesupport_introspection_c.c.o\x1b[0m\n'}
[11.138143] (maze_interfaces) StdoutLine: {'line': b'[ 94%] \x1b[32mBuilding C object CMakeFiles/maze_interfaces_s__rosidl_typesupport_fastrtps_c.dir/rosidl_generator_py/maze_interfaces/_maze_interfaces_s.ep.rosidl_typesupport_fastrtps_c.c.o\x1b[0m\n'}
[11.227129] (-) TimerEvent: {}
[11.297738] (maze_interfaces) StdoutLine: {'line': b'[ 98%] \x1b[32m\x1b[1mLinking C shared module rosidl_generator_py/maze_interfaces/maze_interfaces_s__rosidl_typesupport_introspection_c.so\x1b[0m\n'}
[11.298000] (maze_interfaces) StdoutLine: {'line': b'[ 98%] \x1b[32m\x1b[1mLinking C shared module rosidl_generator_py/maze_interfaces/maze_interfaces_s__rosidl_typesupport_c.so\x1b[0m\n'}
[11.303186] (maze_interfaces) StdoutLine: {'line': b'[100%] \x1b[32m\x1b[1mLinking C shared module rosidl_generator_py/maze_interfaces/maze_interfaces_s__rosidl_typesupport_fastrtps_c.so\x1b[0m\n'}
[11.327249] (-) TimerEvent: {}
[11.337418] (maze_interfaces) StdoutLine: {'line': b'[100%] Built target maze_interfaces_s__rosidl_typesupport_c\n'}
[11.337717] (maze_interfaces) StdoutLine: {'line': b'[100%] Built target maze_interfaces_s__rosidl_typesupport_introspection_c\n'}
[11.347315] (maze_interfaces) StdoutLine: {'line': b'[100%] Built target maze_interfaces_s__rosidl_typesupport_fastrtps_c\n'}
[11.362873] (maze_interfaces) CommandEnded: {'returncode': 0}
[11.363422] (maze_interfaces) JobProgress: {'identifier': 'maze_interfaces', 'progress': 'install'}
[11.374272] (maze_interfaces) Command: {'cmd': ['/usr/bin/cmake', '--install', '/home/abdulrahman/training_ws/src/group4_task/build/maze_interfaces'], 'cwd': '/home/abdulrahman/training_ws/src/group4_task/build/maze_interfaces', 'env': OrderedDict({'GZ_SIM_RESOURCE_PATH': '/opt/ros/jazzy/share', 'USER': 'abdulrahman', 'GZ_CONFIG_PATH': '/opt/ros/jazzy/opt/gz_sim_vendor/share/gz:/opt/ros/jazzy/opt/sdformat_vendor/share/gz:/opt/ros/jazzy/opt/gz_gui_vendor/share/gz:/opt/ros/jazzy/opt/gz_transport_vendor/share/gz:/opt/ros/jazzy/opt/gz_rendering_vendor/share/gz:/opt/ros/jazzy/opt/gz_plugin_vendor/share/gz:/opt/ros/jazzy/opt/gz_fuel_tools_vendor/share/gz:/opt/ros/jazzy/opt/gz_msgs_vendor/share/gz:/opt/ros/jazzy/opt/gz_common_vendor/share/gz', 'XDG_SESSION_TYPE': 'x11', 'CLUTTER_DISABLE_MIPMAPPED_TEXT': '1', 'SHLVL': '1', 'LD_LIBRARY_PATH': '/opt/ros/jazzy/opt/gz_sim_vendor/lib:/opt/ros/jazzy/opt/gz_sensors_vendor/lib:/opt/ros/jazzy/opt/gz_physics_vendor/lib:/opt/ros/jazzy/opt/sdformat_vendor/lib:/opt/ros/jazzy/opt/rviz_ogre_vendor/lib:/opt/ros/jazzy/lib/x86_64-linux-gnu:/opt/ros/jazzy/opt/gz_gui_vendor/lib:/opt/ros/jazzy/opt/gz_transport_vendor/lib:/opt/ros/jazzy/opt/gz_rendering_vendor/lib:/opt/ros/jazzy/opt/gz_plugin_vendor/lib:/opt/ros/jazzy/opt/gz_fuel_tools_vendor/lib:/opt/ros/jazzy/opt/gz_msgs_vendor/lib:/opt/ros/jazzy/opt/gz_common_vendor/lib:/opt/ros/jazzy/opt/gz_math_vendor/lib:/opt/ros/jazzy/opt/gz_utils_vendor/lib:/opt/ros/jazzy/opt/gz_tools_vendor/lib:/opt/ros/jazzy/opt/gz_ogre_next_vendor/lib:/opt/ros/jazzy/opt/gz_dartsim_vendor/lib:/opt/ros/jazzy/opt/gz_cmake_vendor/lib:/opt/ros/jazzy/lib', 'HOME': '/home/abdulrahman', 'DESKTOP_SESSION': 'ubuntu', 'ROS_PYTHON_VERSION': '3', 'GNOME_SHELL_SESSION_MODE': 'ubuntu', 'GTK_MODULES': 'gail:atk-bridge', 'SYSTEMD_EXEC_PID': '12906', 'GSM_SKIP_SSH_AGENT_WORKAROUND': 'true', 'DBUS_SESSION_BUS_ADDRESS': 'unix:path=/run/user/1000/bus', 'COLORTERM': 'truecolor', 'DEBUGINFOD_URLS': 'https://debuginfod.ubuntu.com', 'COLCON_PREFIX_PATH': '/home/abdulrahman/training_ws/install', 'ROS_DISTRO': 'jazzy', 'LOGNAME': 'abdulrahman', '_': '/usr/bin/colcon', 'ROS_VERSION': '2', 'MEMORY_PRESSURE_WATCH': '/sys/fs/cgroup/user.slice/user-1000.slice/user@1000.service/session.slice/org.gnome.Shell@x11.service/memory.pressure', 'XDG_SESSION_CLASS': 'user', 'USERNAME': 'abdulrahman', 'TERM': 'xterm-256color', 'GNOME_DESKTOP_SESSION_ID': 'this-is-deprecated', 'WINDOWPATH': '2', 'PATH': '/opt/ros/jazzy/opt/gz_msgs_vendor/bin:/opt/ros/jazzy/opt/gz_tools_vendor/bin:/opt/ros/jazzy/opt/gz_ogre_next_vendor/bin:/opt/ros/jazzy/bin:/usr/local/sbin:/usr/local/bin:/usr/sbin:/usr/bin:/sbin:/bin:/usr/games:/usr/local/games:/snap/bin:/snap/bin', 'SESSION_MANAGER': 'local/AbdulrahmanDevice:@/tmp/.ICE-unix/12875,unix/AbdulrahmanDevice:/tmp/.ICE-unix/12875', 'XDG_MENU_PREFIX': 'gnome-', 'GNOME_TERMINAL_SCREEN': '/org/gnome/Terminal/screen/d674c155_cf41_48f4_a5d5_5dcd1b59e166', 'XDG_RUNTIME_DIR': '/run/user/1000', 'DISPLAY': ':1', 'LANG': 'en_US.UTF-8', 'XDG_CURRENT_DESKTOP': 'ubuntu:GNOME', 'XMODIFIERS': '@im=ibus', 'XDG_SESSION_DESKTOP': 'ubuntu', 'XAUTHORITY': '/run/user/1000/gdm/Xauthority', 'GNOME_TERMINAL_SERVICE': ':1.96', 'SSH_AUTH_SOCK': '/run/user/1000/keyring/ssh', 'AMENT_PREFIX_PATH': '/opt/ros/jazzy', 'SHELL': '/bin/bash', 'QT_ACCESSIBILITY': '1', 'GDMSESSION': 'ubuntu', 'GPG_AGENT_INFO': '/run/user/1000/gnupg/S.gpg-agent:0:1', 'ROS_AUTOMATIC_DISCOVERY_RANGE': 'SUBNET', 'QT_IM_MODULE': 'ibus', 'PWD': '/home/abdulrahman/training_ws/src/group4_task/build/maze_interfaces', 'LC_ALL': 'en_US.UTF-8', 'XDG_CONFIG_DIRS': '/etc/xdg/xdg-ubuntu:/etc/xdg', 'XDG_DATA_DIRS': '/usr/share/ubuntu:/usr/share/gnome:/usr/local/share/:/usr/share/:/var/lib/snapd/desktop', 'PYTHONPATH': '/opt/ros/jazzy/lib/python3.12/site-packages', 'COLCON': '1', 'MEMORY_PRESSURE_WRITE': 'c29tZSAyMDAwMDAgMjAwMDAwMAA=', 'VTE_VERSION': '7600', 'CMAKE_PREFIX_PATH': '/opt/ros/jazzy/opt/gz_sim_vendor:/opt/ros/jazzy/opt/gz_sensors_vendor:/opt/ros/jazzy/opt/gz_physics_vendor:/opt/ros/jazzy/opt/sdformat_vendor:/opt/ros/jazzy/opt/gz_gui_vendor:/opt/ros/jazzy/opt/gz_transport_vendor:/opt/ros/jazzy/opt/gz_rendering_vendor:/opt/ros/jazzy/opt/gz_plugin_vendor:/opt/ros/jazzy/opt/gz_fuel_tools_vendor:/opt/ros/jazzy/opt/gz_msgs_vendor:/opt/ros/jazzy/opt/gz_common_vendor:/opt/ros/jazzy/opt/gz_math_vendor:/opt/ros/jazzy/opt/gz_utils_vendor:/opt/ros/jazzy/opt/gz_tools_vendor:/opt/ros/jazzy/opt/gz_ogre_next_vendor:/opt/ros/jazzy/opt/gz_dartsim_vendor:/opt/ros/jazzy/opt/gz_cmake_vendor:/opt/ros/jazzy'}), 'shell': False}
[11.384953] (maze_interfaces) StdoutLine: {'line': b'-- Install configuration: ""\n'}
[11.385257] (maze_interfaces) StdoutLine: {'line': b'-- Installing: /home/abdulrahman/training_ws/src/group4_task/install/maze_interfaces/share/ament_index/resource_index/rosidl_interfaces/maze_interfaces\n'}
[11.385480] (maze_interfaces) StdoutLine: {'line': b'-- Installing: /home/abdulrahman/training_ws/src/group4_task/install/maze_interfaces/share/maze_interfaces/action/MoveX.json\n'}
[11.385640] (maze_interfaces) StdoutLine: {'line': b'-- Installing: /home/abdulrahman/training_ws/src/group4_task/install/maze_interfaces/share/maze_interfaces/action/Yaw.json\n'}
[11.385786] (maze_interfaces) StdoutLine: {'line': b'-- Installing: /home/abdulrahman/training_ws/src/group4_task/install/maze_interfaces/share/maze_interfaces/srv/Error.json\n'}
[11.385935] (maze_interfaces) StdoutLine: {'line': b'-- Installing: /home/abdulrahman/training_ws/src/group4_task/install/maze_interfaces/include/maze_interfaces/maze_interfaces\n'}
[11.386083] (maze_interfaces) StdoutLine: {'line': b'-- Installing: /home/abdulrahman/training_ws/src/group4_task/install/maze_interfaces/include/maze_interfaces/maze_interfaces/action\n'}
[11.386233] (maze_interfaces) StdoutLine: {'line': b'-- Installing: /home/abdulrahman/training_ws/src/group4_task/install/maze_interfaces/include/maze_interfaces/maze_interfaces/action/detail\n'}
[11.386420] (maze_interfaces) StdoutLine: {'line': b'-- Installing: /home/abdulrahman/training_ws/src/group4_task/install/maze_interfaces/include/maze_interfaces/maze_interfaces/action/detail/yaw__description.c\n'}
[11.386540] (maze_interfaces) StdoutLine: {'line': b'-- Installing: /home/abdulrahman/training_ws/src/group4_task/install/maze_interfaces/include/maze_interfaces/maze_interfaces/action/detail/move_x__type_support.h\n'}
[11.386707] (maze_interfaces) StdoutLine: {'line': b'-- Installing: /home/abdulrahman/training_ws/src/group4_task/install/maze_interfaces/include/maze_interfaces/maze_interfaces/action/detail/yaw__struct.h\n'}
[11.386771] (maze_interfaces) StdoutLine: {'line': b'-- Installing: /home/abdulrahman/training_ws/src/group4_task/install/maze_interfaces/include/maze_interfaces/maze_interfaces/action/detail/move_x__functions.c\n'}
[11.386849] (maze_interfaces) StdoutLine: {'line': b'-- Installing: /home/abdulrahman/training_ws/src/group4_task/install/maze_interfaces/include/maze_interfaces/maze_interfaces/action/detail/move_x__description.c\n'}
[11.386909] (maze_interfaces) StdoutLine: {'line': b'-- Installing: /home/abdulrahman/training_ws/src/group4_task/install/maze_interfaces/include/maze_interfaces/maze_interfaces/action/detail/yaw__functions.c\n'}
[11.387015] (maze_interfaces) StdoutLine: {'line': b'-- Installing: /home/abdulrahman/training_ws/src/group4_task/install/maze_interfaces/include/maze_interfaces/maze_interfaces/action/detail/yaw__functions.h\n'}
[11.387172] (maze_interfaces) StdoutLine: {'line': b'-- Installing: /home/abdulrahman/training_ws/src/group4_task/install/maze_interfaces/include/maze_interfaces/maze_interfaces/action/detail/yaw__type_support.c\n'}
[11.387296] (maze_interfaces) StdoutLine: {'line': b'-- Installing: /home/abdulrahman/training_ws/src/group4_task/install/maze_interfaces/include/maze_interfaces/maze_interfaces/action/detail/move_x__functions.h\n'}
[11.387454] (maze_interfaces) StdoutLine: {'line': b'-- Installing: /home/abdulrahman/training_ws/src/group4_task/install/maze_interfaces/include/maze_interfaces/maze_interfaces/action/detail/move_x__struct.h\n'}
[11.387603] (maze_interfaces) StdoutLine: {'line': b'-- Installing: /home/abdulrahman/training_ws/src/group4_task/install/maze_interfaces/include/maze_interfaces/maze_interfaces/action/detail/yaw__type_support.h\n'}
[11.387778] (maze_interfaces) StdoutLine: {'line': b'-- Installing: /home/abdulrahman/training_ws/src/group4_task/install/maze_interfaces/include/maze_interfaces/maze_interfaces/action/detail/move_x__type_support.c\n'}
[11.387938] (maze_interfaces) StdoutLine: {'line': b'-- Installing: /home/abdulrahman/training_ws/src/group4_task/install/maze_interfaces/include/maze_interfaces/maze_interfaces/action/yaw.h\n'}
[11.388144] (maze_interfaces) StdoutLine: {'line': b'-- Installing: /home/abdulrahman/training_ws/src/group4_task/install/maze_interfaces/include/maze_interfaces/maze_interfaces/action/move_x.h\n'}
[11.388334] (maze_interfaces) StdoutLine: {'line': b'-- Installing: /home/abdulrahman/training_ws/src/group4_task/install/maze_interfaces/include/maze_interfaces/maze_interfaces/msg\n'}
[11.388500] (maze_interfaces) StdoutLine: {'line': b'-- Installing: /home/abdulrahman/training_ws/src/group4_task/install/maze_interfaces/include/maze_interfaces/maze_interfaces/msg/rosidl_generator_c__visibility_control.h\n'}
[11.388691] (maze_interfaces) StdoutLine: {'line': b'-- Installing: /home/abdulrahman/training_ws/src/group4_task/install/maze_interfaces/include/maze_interfaces/maze_interfaces/srv\n'}
[11.388876] (maze_interfaces) StdoutLine: {'line': b'-- Installing: /home/abdulrahman/training_ws/src/group4_task/install/maze_interfaces/include/maze_interfaces/maze_interfaces/srv/detail\n'}
[11.389047] (maze_interfaces) StdoutLine: {'line': b'-- Installing: /home/abdulrahman/training_ws/src/group4_task/install/maze_interfaces/include/maze_interfaces/maze_interfaces/srv/detail/error__type_support.h\n'}
[11.389173] (maze_interfaces) StdoutLine: {'line': b'-- Installing: /home/abdulrahman/training_ws/src/group4_task/install/maze_interfaces/include/maze_interfaces/maze_interfaces/srv/detail/error__struct.h\n'}
[11.389262] (maze_interfaces) StdoutLine: {'line': b'-- Installing: /home/abdulrahman/training_ws/src/group4_task/install/maze_interfaces/include/maze_interfaces/maze_interfaces/srv/detail/error__type_support.c\n'}
[11.389379] (maze_interfaces) StdoutLine: {'line': b'-- Installing: /home/abdulrahman/training_ws/src/group4_task/install/maze_interfaces/include/maze_interfaces/maze_interfaces/srv/detail/error__functions.c\n'}
[11.389471] (maze_interfaces) StdoutLine: {'line': b'-- Installing: /home/abdulrahman/training_ws/src/group4_task/install/maze_interfaces/include/maze_interfaces/maze_interfaces/srv/detail/error__description.c\n'}
[11.389550] (maze_interfaces) StdoutLine: {'line': b'-- Installing: /home/abdulrahman/training_ws/src/group4_task/install/maze_interfaces/include/maze_interfaces/maze_interfaces/srv/detail/error__functions.h\n'}
[11.389688] (maze_interfaces) StdoutLine: {'line': b'-- Installing: /home/abdulrahman/training_ws/src/group4_task/install/maze_interfaces/include/maze_interfaces/maze_interfaces/srv/error.h\n'}
[11.389800] (maze_interfaces) StdoutLine: {'line': b'-- Installing: /home/abdulrahman/training_ws/src/group4_task/install/maze_interfaces/share/maze_interfaces/environment/library_path.sh\n'}
[11.389881] (maze_interfaces) StdoutLine: {'line': b'-- Installing: /home/abdulrahman/training_ws/src/group4_task/install/maze_interfaces/share/maze_interfaces/environment/library_path.dsv\n'}
[11.390033] (maze_interfaces) StdoutLine: {'line': b'-- Installing: /home/abdulrahman/training_ws/src/group4_task/install/maze_interfaces/lib/libmaze_interfaces__rosidl_generator_c.so\n'}
[11.390870] (maze_interfaces) StdoutLine: {'line': b'-- Set non-toolchain portion of runtime path of "/home/abdulrahman/training_ws/src/group4_task/install/maze_interfaces/lib/libmaze_interfaces__rosidl_generator_c.so" to ""\n'}
[11.391088] (maze_interfaces) StdoutLine: {'line': b'-- Up-to-date: /home/abdulrahman/training_ws/src/group4_task/install/maze_interfaces/include/maze_interfaces/maze_interfaces\n'}
[11.391239] (maze_interfaces) StdoutLine: {'line': b'-- Up-to-date: /home/abdulrahman/training_ws/src/group4_task/install/maze_interfaces/include/maze_interfaces/maze_interfaces/action\n'}
[11.391345] (maze_interfaces) StdoutLine: {'line': b'-- Up-to-date: /home/abdulrahman/training_ws/src/group4_task/install/maze_interfaces/include/maze_interfaces/maze_interfaces/action/detail\n'}
[11.391462] (maze_interfaces) StdoutLine: {'line': b'-- Installing: /home/abdulrahman/training_ws/src/group4_task/install/maze_interfaces/include/maze_interfaces/maze_interfaces/action/detail/move_x__rosidl_typesupport_fastrtps_c.h\n'}
[11.391629] (maze_interfaces) StdoutLine: {'line': b'-- Installing: /home/abdulrahman/training_ws/src/group4_task/install/maze_interfaces/include/maze_interfaces/maze_interfaces/action/detail/yaw__rosidl_typesupport_fastrtps_c.h\n'}
[11.391818] (maze_interfaces) StdoutLine: {'line': b'-- Up-to-date: /home/abdulrahman/training_ws/src/group4_task/install/maze_interfaces/include/maze_interfaces/maze_interfaces/msg\n'}
[11.391984] (maze_interfaces) StdoutLine: {'line': b'-- Installing: /home/abdulrahman/training_ws/src/group4_task/install/maze_interfaces/include/maze_interfaces/maze_interfaces/msg/rosidl_typesupport_fastrtps_c__visibility_control.h\n'}
[11.392120] (maze_interfaces) StdoutLine: {'line': b'-- Up-to-date: /home/abdulrahman/training_ws/src/group4_task/install/maze_interfaces/include/maze_interfaces/maze_interfaces/srv\n'}
[11.392239] (maze_interfaces) StdoutLine: {'line': b'-- Up-to-date: /home/abdulrahman/training_ws/src/group4_task/install/maze_interfaces/include/maze_interfaces/maze_interfaces/srv/detail\n'}
[11.392331] (maze_interfaces) StdoutLine: {'line': b'-- Installing: /home/abdulrahman/training_ws/src/group4_task/install/maze_interfaces/include/maze_interfaces/maze_interfaces/srv/detail/error__rosidl_typesupport_fastrtps_c.h\n'}
[11.392426] (maze_interfaces) StdoutLine: {'line': b'-- Installing: /home/abdulrahman/training_ws/src/group4_task/install/maze_interfaces/lib/libmaze_interfaces__rosidl_typesupport_fastrtps_c.so\n'}
[11.393077] (maze_interfaces) StdoutLine: {'line': b'-- Set non-toolchain portion of runtime path of "/home/abdulrahman/training_ws/src/group4_task/install/maze_interfaces/lib/libmaze_interfaces__rosidl_typesupport_fastrtps_c.so" to ""\n'}
[11.393246] (maze_interfaces) StdoutLine: {'line': b'-- Up-to-date: /home/abdulrahman/training_ws/src/group4_task/install/maze_interfaces/include/maze_interfaces/maze_interfaces\n'}
[11.393367] (maze_interfaces) StdoutLine: {'line': b'-- Up-to-date: /home/abdulrahman/training_ws/src/group4_task/install/maze_interfaces/include/maze_interfaces/maze_interfaces/action\n'}
[11.393491] (maze_interfaces) StdoutLine: {'line': b'-- Up-to-date: /home/abdulrahman/training_ws/src/group4_task/install/maze_interfaces/include/maze_interfaces/maze_interfaces/action/detail\n'}
[11.393614] (maze_interfaces) StdoutLine: {'line': b'-- Installing: /home/abdulrahman/training_ws/src/group4_task/install/maze_interfaces/include/maze_interfaces/maze_interfaces/action/detail/yaw__rosidl_typesupport_introspection_c.h\n'}
[11.393726] (maze_interfaces) StdoutLine: {'line': b'-- Installing: /home/abdulrahman/training_ws/src/group4_task/install/maze_interfaces/include/maze_interfaces/maze_interfaces/action/detail/move_x__rosidl_typesupport_introspection_c.h\n'}
[11.393844] (maze_interfaces) StdoutLine: {'line': b'-- Installing: /home/abdulrahman/training_ws/src/group4_task/install/maze_interfaces/include/maze_interfaces/maze_interfaces/action/detail/yaw__type_support.c\n'}
[11.393935] (maze_interfaces) StdoutLine: {'line': b'-- Installing: /home/abdulrahman/training_ws/src/group4_task/install/maze_interfaces/include/maze_interfaces/maze_interfaces/action/detail/move_x__type_support.c\n'}
[11.394031] (maze_interfaces) StdoutLine: {'line': b'-- Up-to-date: /home/abdulrahman/training_ws/src/group4_task/install/maze_interfaces/include/maze_interfaces/maze_interfaces/msg\n'}
[11.394108] (maze_interfaces) StdoutLine: {'line': b'-- Installing: /home/abdulrahman/training_ws/src/group4_task/install/maze_interfaces/include/maze_interfaces/maze_interfaces/msg/rosidl_typesupport_introspection_c__visibility_control.h\n'}
[11.394195] (maze_interfaces) StdoutLine: {'line': b'-- Up-to-date: /home/abdulrahman/training_ws/src/group4_task/install/maze_interfaces/include/maze_interfaces/maze_interfaces/srv\n'}
[11.394258] (maze_interfaces) StdoutLine: {'line': b'-- Up-to-date: /home/abdulrahman/training_ws/src/group4_task/install/maze_interfaces/include/maze_interfaces/maze_interfaces/srv/detail\n'}
[11.394337] (maze_interfaces) StdoutLine: {'line': b'-- Installing: /home/abdulrahman/training_ws/src/group4_task/install/maze_interfaces/include/maze_interfaces/maze_interfaces/srv/detail/error__type_support.c\n'}
[11.394391] (maze_interfaces) StdoutLine: {'line': b'-- Installing: /home/abdulrahman/training_ws/src/group4_task/install/maze_interfaces/include/maze_interfaces/maze_interfaces/srv/detail/error__rosidl_typesupport_introspection_c.h\n'}
[11.394468] (maze_interfaces) StdoutLine: {'line': b'-- Installing: /home/abdulrahman/training_ws/src/group4_task/install/maze_interfaces/lib/libmaze_interfaces__rosidl_typesupport_introspection_c.so\n'}
[11.395119] (maze_interfaces) StdoutLine: {'line': b'-- Set non-toolchain portion of runtime path of "/home/abdulrahman/training_ws/src/group4_task/install/maze_interfaces/lib/libmaze_interfaces__rosidl_typesupport_introspection_c.so" to ""\n'}
[11.395270] (maze_interfaces) StdoutLine: {'line': b'-- Installing: /home/abdulrahman/training_ws/src/group4_task/install/maze_interfaces/lib/libmaze_interfaces__rosidl_typesupport_c.so\n'}
[11.396193] (maze_interfaces) StdoutLine: {'line': b'-- Set non-toolchain portion of runtime path of "/home/abdulrahman/training_ws/src/group4_task/install/maze_interfaces/lib/libmaze_interfaces__rosidl_typesupport_c.so" to ""\n'}
[11.396291] (maze_interfaces) StdoutLine: {'line': b'-- Up-to-date: /home/abdulrahman/training_ws/src/group4_task/install/maze_interfaces/include/maze_interfaces/maze_interfaces\n'}
[11.396376] (maze_interfaces) StdoutLine: {'line': b'-- Up-to-date: /home/abdulrahman/training_ws/src/group4_task/install/maze_interfaces/include/maze_interfaces/maze_interfaces/action\n'}
[11.396461] (maze_interfaces) StdoutLine: {'line': b'-- Installing: /home/abdulrahman/training_ws/src/group4_task/install/maze_interfaces/include/maze_interfaces/maze_interfaces/action/yaw.hpp\n'}
[11.396552] (maze_interfaces) StdoutLine: {'line': b'-- Up-to-date: /home/abdulrahman/training_ws/src/group4_task/install/maze_interfaces/include/maze_interfaces/maze_interfaces/action/detail\n'}
[11.396640] (maze_interfaces) StdoutLine: {'line': b'-- Installing: /home/abdulrahman/training_ws/src/group4_task/install/maze_interfaces/include/maze_interfaces/maze_interfaces/action/detail/move_x__traits.hpp\n'}
[11.396734] (maze_interfaces) StdoutLine: {'line': b'-- Installing: /home/abdulrahman/training_ws/src/group4_task/install/maze_interfaces/include/maze_interfaces/maze_interfaces/action/detail/yaw__struct.hpp\n'}
[11.396834] (maze_interfaces) StdoutLine: {'line': b'-- Installing: /home/abdulrahman/training_ws/src/group4_task/install/maze_interfaces/include/maze_interfaces/maze_interfaces/action/detail/move_x__builder.hpp\n'}
[11.396959] (maze_interfaces) StdoutLine: {'line': b'-- Installing: /home/abdulrahman/training_ws/src/group4_task/install/maze_interfaces/include/maze_interfaces/maze_interfaces/action/detail/yaw__builder.hpp\n'}
[11.397070] (maze_interfaces) StdoutLine: {'line': b'-- Installing: /home/abdulrahman/training_ws/src/group4_task/install/maze_interfaces/include/maze_interfaces/maze_interfaces/action/detail/move_x__type_support.hpp\n'}
[11.397179] (maze_interfaces) StdoutLine: {'line': b'-- Installing: /home/abdulrahman/training_ws/src/group4_task/install/maze_interfaces/include/maze_interfaces/maze_interfaces/action/detail/move_x__struct.hpp\n'}
[11.397318] (maze_interfaces) StdoutLine: {'line': b'-- Installing: /home/abdulrahman/training_ws/src/group4_task/install/maze_interfaces/include/maze_interfaces/maze_interfaces/action/detail/yaw__type_support.hpp\n'}
[11.397424] (maze_interfaces) StdoutLine: {'line': b'-- Installing: /home/abdulrahman/training_ws/src/group4_task/install/maze_interfaces/include/maze_interfaces/maze_interfaces/action/detail/yaw__traits.hpp\n'}
[11.397539] (maze_interfaces) StdoutLine: {'line': b'-- Installing: /home/abdulrahman/training_ws/src/group4_task/install/maze_interfaces/include/maze_interfaces/maze_interfaces/action/move_x.hpp\n'}
[11.397636] (maze_interfaces) StdoutLine: {'line': b'-- Up-to-date: /home/abdulrahman/training_ws/src/group4_task/install/maze_interfaces/include/maze_interfaces/maze_interfaces/msg\n'}
[11.397715] (maze_interfaces) StdoutLine: {'line': b'-- Installing: /home/abdulrahman/training_ws/src/group4_task/install/maze_interfaces/include/maze_interfaces/maze_interfaces/msg/rosidl_generator_cpp__visibility_control.hpp\n'}
[11.397781] (maze_interfaces) StdoutLine: {'line': b'-- Up-to-date: /home/abdulrahman/training_ws/src/group4_task/install/maze_interfaces/include/maze_interfaces/maze_interfaces/srv\n'}
[11.397854] (maze_interfaces) StdoutLine: {'line': b'-- Up-to-date: /home/abdulrahman/training_ws/src/group4_task/install/maze_interfaces/include/maze_interfaces/maze_interfaces/srv/detail\n'}
[11.397913] (maze_interfaces) StdoutLine: {'line': b'-- Installing: /home/abdulrahman/training_ws/src/group4_task/install/maze_interfaces/include/maze_interfaces/maze_interfaces/srv/detail/error__struct.hpp\n'}
[11.397983] (maze_interfaces) StdoutLine: {'line': b'-- Installing: /home/abdulrahman/training_ws/src/group4_task/install/maze_interfaces/include/maze_interfaces/maze_interfaces/srv/detail/error__traits.hpp\n'}
[11.398069] (maze_interfaces) StdoutLine: {'line': b'-- Installing: /home/abdulrahman/training_ws/src/group4_task/install/maze_interfaces/include/maze_interfaces/maze_interfaces/srv/detail/error__type_support.hpp\n'}
[11.398167] (maze_interfaces) StdoutLine: {'line': b'-- Installing: /home/abdulrahman/training_ws/src/group4_task/install/maze_interfaces/include/maze_interfaces/maze_interfaces/srv/detail/error__builder.hpp\n'}
[11.398271] (maze_interfaces) StdoutLine: {'line': b'-- Installing: /home/abdulrahman/training_ws/src/group4_task/install/maze_interfaces/include/maze_interfaces/maze_interfaces/srv/error.hpp\n'}
[11.398394] (maze_interfaces) StdoutLine: {'line': b'-- Up-to-date: /home/abdulrahman/training_ws/src/group4_task/install/maze_interfaces/include/maze_interfaces/maze_interfaces\n'}
[11.398475] (maze_interfaces) StdoutLine: {'line': b'-- Up-to-date: /home/abdulrahman/training_ws/src/group4_task/install/maze_interfaces/include/maze_interfaces/maze_interfaces/action\n'}
[11.398529] (maze_interfaces) StdoutLine: {'line': b'-- Up-to-date: /home/abdulrahman/training_ws/src/group4_task/install/maze_interfaces/include/maze_interfaces/maze_interfaces/action/detail\n'}
[11.398607] (maze_interfaces) StdoutLine: {'line': b'-- Installing: /home/abdulrahman/training_ws/src/group4_task/install/maze_interfaces/include/maze_interfaces/maze_interfaces/action/detail/dds_fastrtps\n'}
[11.398692] (maze_interfaces) StdoutLine: {'line': b'-- Installing: /home/abdulrahman/training_ws/src/group4_task/install/maze_interfaces/include/maze_interfaces/maze_interfaces/action/detail/move_x__rosidl_typesupport_fastrtps_cpp.hpp\n'}
[11.398768] (maze_interfaces) StdoutLine: {'line': b'-- Installing: /home/abdulrahman/training_ws/src/group4_task/install/maze_interfaces/include/maze_interfaces/maze_interfaces/action/detail/yaw__rosidl_typesupport_fastrtps_cpp.hpp\n'}
[11.398872] (maze_interfaces) StdoutLine: {'line': b'-- Up-to-date: /home/abdulrahman/training_ws/src/group4_task/install/maze_interfaces/include/maze_interfaces/maze_interfaces/msg\n'}
[11.398943] (maze_interfaces) StdoutLine: {'line': b'-- Installing: /home/abdulrahman/training_ws/src/group4_task/install/maze_interfaces/include/maze_interfaces/maze_interfaces/msg/rosidl_typesupport_fastrtps_cpp__visibility_control.h\n'}
[11.399040] (maze_interfaces) StdoutLine: {'line': b'-- Up-to-date: /home/abdulrahman/training_ws/src/group4_task/install/maze_interfaces/include/maze_interfaces/maze_interfaces/srv\n'}
[11.399117] (maze_interfaces) StdoutLine: {'line': b'-- Up-to-date: /home/abdulrahman/training_ws/src/group4_task/install/maze_interfaces/include/maze_interfaces/maze_interfaces/srv/detail\n'}
[11.399173] (maze_interfaces) StdoutLine: {'line': b'-- Installing: /home/abdulrahman/training_ws/src/group4_task/install/maze_interfaces/include/maze_interfaces/maze_interfaces/srv/detail/dds_fastrtps\n'}
[11.399244] (maze_interfaces) StdoutLine: {'line': b'-- Installing: /home/abdulrahman/training_ws/src/group4_task/install/maze_interfaces/include/maze_interfaces/maze_interfaces/srv/detail/error__rosidl_typesupport_fastrtps_cpp.hpp\n'}
[11.399334] (maze_interfaces) StdoutLine: {'line': b'-- Installing: /home/abdulrahman/training_ws/src/group4_task/install/maze_interfaces/lib/libmaze_interfaces__rosidl_typesupport_fastrtps_cpp.so\n'}
[11.400275] (maze_interfaces) StdoutLine: {'line': b'-- Set non-toolchain portion of runtime path of "/home/abdulrahman/training_ws/src/group4_task/install/maze_interfaces/lib/libmaze_interfaces__rosidl_typesupport_fastrtps_cpp.so" to ""\n'}
[11.400375] (maze_interfaces) StdoutLine: {'line': b'-- Up-to-date: /home/abdulrahman/training_ws/src/group4_task/install/maze_interfaces/include/maze_interfaces/maze_interfaces\n'}
[11.400432] (maze_interfaces) StdoutLine: {'line': b'-- Up-to-date: /home/abdulrahman/training_ws/src/group4_task/install/maze_interfaces/include/maze_interfaces/maze_interfaces/action\n'}
[11.400517] (maze_interfaces) StdoutLine: {'line': b'-- Up-to-date: /home/abdulrahman/training_ws/src/group4_task/install/maze_interfaces/include/maze_interfaces/maze_interfaces/action/detail\n'}
[11.400618] (maze_interfaces) StdoutLine: {'line': b'-- Installing: /home/abdulrahman/training_ws/src/group4_task/install/maze_interfaces/include/maze_interfaces/maze_interfaces/action/detail/move_x__rosidl_typesupport_introspection_cpp.hpp\n'}
[11.400699] (maze_interfaces) StdoutLine: {'line': b'-- Installing: /home/abdulrahman/training_ws/src/group4_task/install/maze_interfaces/include/maze_interfaces/maze_interfaces/action/detail/move_x__type_support.cpp\n'}
[11.400775] (maze_interfaces) StdoutLine: {'line': b'-- Installing: /home/abdulrahman/training_ws/src/group4_task/install/maze_interfaces/include/maze_interfaces/maze_interfaces/action/detail/yaw__type_support.cpp\n'}
[11.400888] (maze_interfaces) StdoutLine: {'line': b'-- Installing: /home/abdulrahman/training_ws/src/group4_task/install/maze_interfaces/include/maze_interfaces/maze_interfaces/action/detail/yaw__rosidl_typesupport_introspection_cpp.hpp\n'}
[11.401011] (maze_interfaces) StdoutLine: {'line': b'-- Up-to-date: /home/abdulrahman/training_ws/src/group4_task/install/maze_interfaces/include/maze_interfaces/maze_interfaces/srv\n'}
[11.401128] (maze_interfaces) StdoutLine: {'line': b'-- Up-to-date: /home/abdulrahman/training_ws/src/group4_task/install/maze_interfaces/include/maze_interfaces/maze_interfaces/srv/detail\n'}
[11.401239] (maze_interfaces) StdoutLine: {'line': b'-- Installing: /home/abdulrahman/training_ws/src/group4_task/install/maze_interfaces/include/maze_interfaces/maze_interfaces/srv/detail/error__type_support.cpp\n'}
[11.401331] (maze_interfaces) StdoutLine: {'line': b'-- Installing: /home/abdulrahman/training_ws/src/group4_task/install/maze_interfaces/include/maze_interfaces/maze_interfaces/srv/detail/error__rosidl_typesupport_introspection_cpp.hpp\n'}
[11.401444] (maze_interfaces) StdoutLine: {'line': b'-- Installing: /home/abdulrahman/training_ws/src/group4_task/install/maze_interfaces/lib/libmaze_interfaces__rosidl_typesupport_introspection_cpp.so\n'}
[11.402372] (maze_interfaces) StdoutLine: {'line': b'-- Set non-toolchain portion of runtime path of "/home/abdulrahman/training_ws/src/group4_task/install/maze_interfaces/lib/libmaze_interfaces__rosidl_typesupport_introspection_cpp.so" to ""\n'}
[11.402486] (maze_interfaces) StdoutLine: {'line': b'-- Installing: /home/abdulrahman/training_ws/src/group4_task/install/maze_interfaces/lib/libmaze_interfaces__rosidl_typesupport_cpp.so\n'}
[11.403258] (maze_interfaces) StdoutLine: {'line': b'-- Set non-toolchain portion of runtime path of "/home/abdulrahman/training_ws/src/group4_task/install/maze_interfaces/lib/libmaze_interfaces__rosidl_typesupport_cpp.so" to ""\n'}
[11.403360] (maze_interfaces) StdoutLine: {'line': b'-- Installing: /home/abdulrahman/training_ws/src/group4_task/install/maze_interfaces/share/maze_interfaces/environment/pythonpath.sh\n'}
[11.403443] (maze_interfaces) StdoutLine: {'line': b'-- Installing: /home/abdulrahman/training_ws/src/group4_task/install/maze_interfaces/share/maze_interfaces/environment/pythonpath.dsv\n'}
[11.403577] (maze_interfaces) StdoutLine: {'line': b'-- Installing: /home/abdulrahman/training_ws/src/group4_task/install/maze_interfaces/lib/python3.12/site-packages/maze_interfaces-0.0.0-py3.12.egg-info\n'}
[11.403725] (maze_interfaces) StdoutLine: {'line': b'-- Installing: /home/abdulrahman/training_ws/src/group4_task/install/maze_interfaces/lib/python3.12/site-packages/maze_interfaces-0.0.0-py3.12.egg-info/top_level.txt\n'}
[11.403835] (maze_interfaces) StdoutLine: {'line': b'-- Installing: /home/abdulrahman/training_ws/src/group4_task/install/maze_interfaces/lib/python3.12/site-packages/maze_interfaces-0.0.0-py3.12.egg-info/PKG-INFO\n'}
[11.403936] (maze_interfaces) StdoutLine: {'line': b'-- Installing: /home/abdulrahman/training_ws/src/group4_task/install/maze_interfaces/lib/python3.12/site-packages/maze_interfaces-0.0.0-py3.12.egg-info/dependency_links.txt\n'}
[11.404036] (maze_interfaces) StdoutLine: {'line': b'-- Installing: /home/abdulrahman/training_ws/src/group4_task/install/maze_interfaces/lib/python3.12/site-packages/maze_interfaces-0.0.0-py3.12.egg-info/SOURCES.txt\n'}
[11.404160] (maze_interfaces) StdoutLine: {'line': b'-- Installing: /home/abdulrahman/training_ws/src/group4_task/install/maze_interfaces/lib/python3.12/site-packages/maze_interfaces\n'}
[11.404240] (maze_interfaces) StdoutLine: {'line': b'-- Installing: /home/abdulrahman/training_ws/src/group4_task/install/maze_interfaces/lib/python3.12/site-packages/maze_interfaces/maze_interfaces_s__rosidl_typesupport_c.so\n'}
[11.404415] (maze_interfaces) StdoutLine: {'line': b'-- Installing: /home/abdulrahman/training_ws/src/group4_task/install/maze_interfaces/lib/python3.12/site-packages/maze_interfaces/maze_interfaces_s__rosidl_typesupport_fastrtps_c.so\n'}
[11.404574] (maze_interfaces) StdoutLine: {'line': b'-- Installing: /home/abdulrahman/training_ws/src/group4_task/install/maze_interfaces/lib/python3.12/site-packages/maze_interfaces/action\n'}
[11.404675] (maze_interfaces) StdoutLine: {'line': b'-- Installing: /home/abdulrahman/training_ws/src/group4_task/install/maze_interfaces/lib/python3.12/site-packages/maze_interfaces/action/_move_x.py\n'}
[11.404820] (maze_interfaces) StdoutLine: {'line': b'-- Installing: /home/abdulrahman/training_ws/src/group4_task/install/maze_interfaces/lib/python3.12/site-packages/maze_interfaces/action/_yaw_s.c\n'}
[11.404953] (maze_interfaces) StdoutLine: {'line': b'-- Installing: /home/abdulrahman/training_ws/src/group4_task/install/maze_interfaces/lib/python3.12/site-packages/maze_interfaces/action/__init__.py\n'}
[11.405049] (maze_interfaces) StdoutLine: {'line': b'-- Installing: /home/abdulrahman/training_ws/src/group4_task/install/maze_interfaces/lib/python3.12/site-packages/maze_interfaces/action/_move_x_s.c\n'}
[11.405183] (maze_interfaces) StdoutLine: {'line': b'-- Installing: /home/abdulrahman/training_ws/src/group4_task/install/maze_interfaces/lib/python3.12/site-packages/maze_interfaces/action/_yaw.py\n'}
[11.405345] (maze_interfaces) StdoutLine: {'line': b'-- Installing: /home/abdulrahman/training_ws/src/group4_task/install/maze_interfaces/lib/python3.12/site-packages/maze_interfaces/_maze_interfaces_s.ep.rosidl_typesupport_c.c\n'}
[11.405528] (maze_interfaces) StdoutLine: {'line': b'-- Installing: /home/abdulrahman/training_ws/src/group4_task/install/maze_interfaces/lib/python3.12/site-packages/maze_interfaces/_maze_interfaces_s.ep.rosidl_typesupport_introspection_c.c\n'}
[11.405746] (maze_interfaces) StdoutLine: {'line': b'-- Installing: /home/abdulrahman/training_ws/src/group4_task/install/maze_interfaces/lib/python3.12/site-packages/maze_interfaces/__init__.py\n'}
[11.405840] (maze_interfaces) StdoutLine: {'line': b'-- Installing: /home/abdulrahman/training_ws/src/group4_task/install/maze_interfaces/lib/python3.12/site-packages/maze_interfaces/_maze_interfaces_s.ep.rosidl_typesupport_fastrtps_c.c\n'}
[11.406038] (maze_interfaces) StdoutLine: {'line': b'-- Installing: /home/abdulrahman/training_ws/src/group4_task/install/maze_interfaces/lib/python3.12/site-packages/maze_interfaces/maze_interfaces_s__rosidl_typesupport_introspection_c.so\n'}
[11.406201] (maze_interfaces) StdoutLine: {'line': b'-- Installing: /home/abdulrahman/training_ws/src/group4_task/install/maze_interfaces/lib/python3.12/site-packages/maze_interfaces/srv\n'}
[11.406316] (maze_interfaces) StdoutLine: {'line': b'-- Installing: /home/abdulrahman/training_ws/src/group4_task/install/maze_interfaces/lib/python3.12/site-packages/maze_interfaces/srv/_error_s.c\n'}
[11.406602] (maze_interfaces) StdoutLine: {'line': b'-- Installing: /home/abdulrahman/training_ws/src/group4_task/install/maze_interfaces/lib/python3.12/site-packages/maze_interfaces/srv/_error.py\n'}
[11.406853] (maze_interfaces) StdoutLine: {'line': b'-- Installing: /home/abdulrahman/training_ws/src/group4_task/install/maze_interfaces/lib/python3.12/site-packages/maze_interfaces/srv/__init__.py\n'}
[11.427333] (-) TimerEvent: {}
[11.463677] (maze_interfaces) StdoutLine: {'line': b"Listing '/home/abdulrahman/training_ws/src/group4_task/install/maze_interfaces/lib/python3.12/site-packages/maze_interfaces'...\n"}
[11.463896] (maze_interfaces) StdoutLine: {'line': b"Compiling '/home/abdulrahman/training_ws/src/group4_task/install/maze_interfaces/lib/python3.12/site-packages/maze_interfaces/__init__.py'...\n"}
[11.464019] (maze_interfaces) StdoutLine: {'line': b"Listing '/home/abdulrahman/training_ws/src/group4_task/install/maze_interfaces/lib/python3.12/site-packages/maze_interfaces/action'...\n"}
[11.464104] (maze_interfaces) StdoutLine: {'line': b"Compiling '/home/abdulrahman/training_ws/src/group4_task/install/maze_interfaces/lib/python3.12/site-packages/maze_interfaces/action/__init__.py'...\n"}
[11.464185] (maze_interfaces) StdoutLine: {'line': b"Compiling '/home/abdulrahman/training_ws/src/group4_task/install/maze_interfaces/lib/python3.12/site-packages/maze_interfaces/action/_move_x.py'...\n"}
[11.464265] (maze_interfaces) StdoutLine: {'line': b"Compiling '/home/abdulrahman/training_ws/src/group4_task/install/maze_interfaces/lib/python3.12/site-packages/maze_interfaces/action/_yaw.py'...\n"}
[11.464346] (maze_interfaces) StdoutLine: {'line': b"Listing '/home/abdulrahman/training_ws/src/group4_task/install/maze_interfaces/lib/python3.12/site-packages/maze_interfaces/srv'...\n"}
[11.464429] (maze_interfaces) StdoutLine: {'line': b"Compiling '/home/abdulrahman/training_ws/src/group4_task/install/maze_interfaces/lib/python3.12/site-packages/maze_interfaces/srv/__init__.py'...\n"}
[11.464499] (maze_interfaces) StdoutLine: {'line': b"Compiling '/home/abdulrahman/training_ws/src/group4_task/install/maze_interfaces/lib/python3.12/site-packages/maze_interfaces/srv/_error.py'...\n"}
[11.470391] (maze_interfaces) StdoutLine: {'line': b'-- Installing: /home/abdulrahman/training_ws/src/group4_task/install/maze_interfaces/lib/python3.12/site-packages/maze_interfaces/maze_interfaces_s__rosidl_typesupport_fastrtps_c.so\n'}
[11.470788] (maze_interfaces) StdoutLine: {'line': b'-- Set non-toolchain portion of runtime path of "/home/abdulrahman/training_ws/src/group4_task/install/maze_interfaces/lib/python3.12/site-packages/maze_interfaces/maze_interfaces_s__rosidl_typesupport_fastrtps_c.so" to ""\n'}
[11.471008] (maze_interfaces) StdoutLine: {'line': b'-- Installing: /home/abdulrahman/training_ws/src/group4_task/install/maze_interfaces/lib/python3.12/site-packages/maze_interfaces/maze_interfaces_s__rosidl_typesupport_introspection_c.so\n'}
[11.471366] (maze_interfaces) StdoutLine: {'line': b'-- Set non-toolchain portion of runtime path of "/home/abdulrahman/training_ws/src/group4_task/install/maze_interfaces/lib/python3.12/site-packages/maze_interfaces/maze_interfaces_s__rosidl_typesupport_introspection_c.so" to ""\n'}
[11.471554] (maze_interfaces) StdoutLine: {'line': b'-- Installing: /home/abdulrahman/training_ws/src/group4_task/install/maze_interfaces/lib/python3.12/site-packages/maze_interfaces/maze_interfaces_s__rosidl_typesupport_c.so\n'}
[11.471925] (maze_interfaces) StdoutLine: {'line': b'-- Set non-toolchain portion of runtime path of "/home/abdulrahman/training_ws/src/group4_task/install/maze_interfaces/lib/python3.12/site-packages/maze_interfaces/maze_interfaces_s__rosidl_typesupport_c.so" to ""\n'}
[11.472067] (maze_interfaces) StdoutLine: {'line': b'-- Installing: /home/abdulrahman/training_ws/src/group4_task/install/maze_interfaces/lib/libmaze_interfaces__rosidl_generator_py.so\n'}
[11.472549] (maze_interfaces) StdoutLine: {'line': b'-- Set non-toolchain portion of runtime path of "/home/abdulrahman/training_ws/src/group4_task/install/maze_interfaces/lib/libmaze_interfaces__rosidl_generator_py.so" to ""\n'}
[11.472778] (maze_interfaces) StdoutLine: {'line': b'-- Installing: /home/abdulrahman/training_ws/src/group4_task/install/maze_interfaces/share/ament_index/resource_index/rust_packages/maze_interfaces\n'}
[11.473240] (maze_interfaces) StdoutLine: {'line': b'-- Installing: /home/abdulrahman/training_ws/src/group4_task/install/maze_interfaces/share/maze_interfaces/rust\n'}
[11.473379] (maze_interfaces) StdoutLine: {'line': b'-- Installing: /home/abdulrahman/training_ws/src/group4_task/install/maze_interfaces/share/maze_interfaces/rust/src\n'}
[11.473453] (maze_interfaces) StdoutLine: {'line': b'-- Installing: /home/abdulrahman/training_ws/src/group4_task/install/maze_interfaces/share/maze_interfaces/rust/src/lib.rs\n'}
[11.473571] (maze_interfaces) StdoutLine: {'line': b'-- Installing: /home/abdulrahman/training_ws/src/group4_task/install/maze_interfaces/share/maze_interfaces/rust/src/action.rs\n'}
[11.473658] (maze_interfaces) StdoutLine: {'line': b'-- Installing: /home/abdulrahman/training_ws/src/group4_task/install/maze_interfaces/share/maze_interfaces/rust/src/action\n'}
[11.473812] (maze_interfaces) StdoutLine: {'line': b'-- Installing: /home/abdulrahman/training_ws/src/group4_task/install/maze_interfaces/share/maze_interfaces/rust/src/action/rmw.rs\n'}
[11.474239] (maze_interfaces) StdoutLine: {'line': b'-- Installing: /home/abdulrahman/training_ws/src/group4_task/install/maze_interfaces/share/maze_interfaces/rust/src/srv.rs\n'}
[11.474394] (maze_interfaces) StdoutLine: {'line': b'-- Installing: /home/abdulrahman/training_ws/src/group4_task/install/maze_interfaces/share/maze_interfaces/rust/src/srv\n'}
[11.474527] (maze_interfaces) StdoutLine: {'line': b'-- Installing: /home/abdulrahman/training_ws/src/group4_task/install/maze_interfaces/share/maze_interfaces/rust/src/srv/rmw.rs\n'}
[11.474672] (maze_interfaces) StdoutLine: {'line': b'-- Installing: /home/abdulrahman/training_ws/src/group4_task/install/maze_interfaces/share/maze_interfaces/rust/build.rs\n'}
[11.474850] (maze_interfaces) StdoutLine: {'line': b'-- Installing: /home/abdulrahman/training_ws/src/group4_task/install/maze_interfaces/share/maze_interfaces/rust/Cargo.toml\n'}
[11.474968] (maze_interfaces) StdoutLine: {'line': b'-- Installing: /home/abdulrahman/training_ws/src/group4_task/install/maze_interfaces/share/maze_interfaces/action/MoveX.idl\n'}
[11.475113] (maze_interfaces) StdoutLine: {'line': b'-- Installing: /home/abdulrahman/training_ws/src/group4_task/install/maze_interfaces/share/maze_interfaces/action/Yaw.idl\n'}
[11.475259] (maze_interfaces) StdoutLine: {'line': b'-- Installing: /home/abdulrahman/training_ws/src/group4_task/install/maze_interfaces/share/maze_interfaces/srv/Error.idl\n'}
[11.475400] (maze_interfaces) StdoutLine: {'line': b'-- Installing: /home/abdulrahman/training_ws/src/group4_task/install/maze_interfaces/share/maze_interfaces/action/MoveX.action\n'}
[11.475556] (maze_interfaces) StdoutLine: {'line': b'-- Installing: /home/abdulrahman/training_ws/src/group4_task/install/maze_interfaces/share/maze_interfaces/action/Yaw.action\n'}
[11.475927] (maze_interfaces) StdoutLine: {'line': b'-- Installing: /home/abdulrahman/training_ws/src/group4_task/install/maze_interfaces/share/maze_interfaces/srv/Error.srv\n'}
[11.476055] (maze_interfaces) StdoutLine: {'line': b'-- Installing: /home/abdulrahman/training_ws/src/group4_task/install/maze_interfaces/share/ament_index/resource_index/package_run_dependencies/maze_interfaces\n'}
[11.476177] (maze_interfaces) StdoutLine: {'line': b'-- Installing: /home/abdulrahman/training_ws/src/group4_task/install/maze_interfaces/share/ament_index/resource_index/parent_prefix_path/maze_interfaces\n'}
[11.476368] (maze_interfaces) StdoutLine: {'line': b'-- Installing: /home/abdulrahman/training_ws/src/group4_task/install/maze_interfaces/share/maze_interfaces/environment/ament_prefix_path.sh\n'}
[11.477718] (maze_interfaces) StdoutLine: {'line': b'-- Installing: /home/abdulrahman/training_ws/src/group4_task/install/maze_interfaces/share/maze_interfaces/environment/ament_prefix_path.dsv\n'}
[11.477853] (maze_interfaces) StdoutLine: {'line': b'-- Installing: /home/abdulrahman/training_ws/src/group4_task/install/maze_interfaces/share/maze_interfaces/environment/path.sh\n'}
[11.477963] (maze_interfaces) StdoutLine: {'line': b'-- Installing: /home/abdulrahman/training_ws/src/group4_task/install/maze_interfaces/share/maze_interfaces/environment/path.dsv\n'}
[11.478135] (maze_interfaces) StdoutLine: {'line': b'-- Installing: /home/abdulrahman/training_ws/src/group4_task/install/maze_interfaces/share/maze_interfaces/local_setup.bash\n'}
[11.478245] (maze_interfaces) StdoutLine: {'line': b'-- Installing: /home/abdulrahman/training_ws/src/group4_task/install/maze_interfaces/share/maze_interfaces/local_setup.sh\n'}
[11.478355] (maze_interfaces) StdoutLine: {'line': b'-- Installing: /home/abdulrahman/training_ws/src/group4_task/install/maze_interfaces/share/maze_interfaces/local_setup.zsh\n'}
[11.478467] (maze_interfaces) StdoutLine: {'line': b'-- Installing: /home/abdulrahman/training_ws/src/group4_task/install/maze_interfaces/share/maze_interfaces/local_setup.dsv\n'}
[11.478576] (maze_interfaces) StdoutLine: {'line': b'-- Installing: /home/abdulrahman/training_ws/src/group4_task/install/maze_interfaces/share/maze_interfaces/package.dsv\n'}
[11.478762] (maze_interfaces) StdoutLine: {'line': b'-- Installing: /home/abdulrahman/training_ws/src/group4_task/install/maze_interfaces/share/ament_index/resource_index/packages/maze_interfaces\n'}
[11.478939] (maze_interfaces) StdoutLine: {'line': b'-- Installing: /home/abdulrahman/training_ws/src/group4_task/install/maze_interfaces/share/maze_interfaces/cmake/export_maze_interfaces__rosidl_generator_cExport.cmake\n'}
[11.479078] (maze_interfaces) StdoutLine: {'line': b'-- Installing: /home/abdulrahman/training_ws/src/group4_task/install/maze_interfaces/share/maze_interfaces/cmake/export_maze_interfaces__rosidl_generator_cExport-noconfig.cmake\n'}
[11.479218] (maze_interfaces) StdoutLine: {'line': b'-- Installing: /home/abdulrahman/training_ws/src/group4_task/install/maze_interfaces/share/maze_interfaces/cmake/export_maze_interfaces__rosidl_typesupport_fastrtps_cExport.cmake\n'}
[11.479355] (maze_interfaces) StdoutLine: {'line': b'-- Installing: /home/abdulrahman/training_ws/src/group4_task/install/maze_interfaces/share/maze_interfaces/cmake/export_maze_interfaces__rosidl_typesupport_fastrtps_cExport-noconfig.cmake\n'}
[11.479490] (maze_interfaces) StdoutLine: {'line': b'-- Installing: /home/abdulrahman/training_ws/src/group4_task/install/maze_interfaces/share/maze_interfaces/cmake/maze_interfaces__rosidl_typesupport_introspection_cExport.cmake\n'}
[11.479625] (maze_interfaces) StdoutLine: {'line': b'-- Installing: /home/abdulrahman/training_ws/src/group4_task/install/maze_interfaces/share/maze_interfaces/cmake/maze_interfaces__rosidl_typesupport_introspection_cExport-noconfig.cmake\n'}
[11.479778] (maze_interfaces) StdoutLine: {'line': b'-- Installing: /home/abdulrahman/training_ws/src/group4_task/install/maze_interfaces/share/maze_interfaces/cmake/maze_interfaces__rosidl_typesupport_cExport.cmake\n'}
[11.479905] (maze_interfaces) StdoutLine: {'line': b'-- Installing: /home/abdulrahman/training_ws/src/group4_task/install/maze_interfaces/share/maze_interfaces/cmake/maze_interfaces__rosidl_typesupport_cExport-noconfig.cmake\n'}
[11.480045] (maze_interfaces) StdoutLine: {'line': b'-- Installing: /home/abdulrahman/training_ws/src/group4_task/install/maze_interfaces/share/maze_interfaces/cmake/export_maze_interfaces__rosidl_generator_cppExport.cmake\n'}
[11.480188] (maze_interfaces) StdoutLine: {'line': b'-- Installing: /home/abdulrahman/training_ws/src/group4_task/install/maze_interfaces/share/maze_interfaces/cmake/export_maze_interfaces__rosidl_typesupport_fastrtps_cppExport.cmake\n'}
[11.480321] (maze_interfaces) StdoutLine: {'line': b'-- Installing: /home/abdulrahman/training_ws/src/group4_task/install/maze_interfaces/share/maze_interfaces/cmake/export_maze_interfaces__rosidl_typesupport_fastrtps_cppExport-noconfig.cmake\n'}
[11.480458] (maze_interfaces) StdoutLine: {'line': b'-- Installing: /home/abdulrahman/training_ws/src/group4_task/install/maze_interfaces/share/maze_interfaces/cmake/maze_interfaces__rosidl_typesupport_introspection_cppExport.cmake\n'}
[11.480603] (maze_interfaces) StdoutLine: {'line': b'-- Installing: /home/abdulrahman/training_ws/src/group4_task/install/maze_interfaces/share/maze_interfaces/cmake/maze_interfaces__rosidl_typesupport_introspection_cppExport-noconfig.cmake\n'}
[11.480753] (maze_interfaces) StdoutLine: {'line': b'-- Installing: /home/abdulrahman/training_ws/src/group4_task/install/maze_interfaces/share/maze_interfaces/cmake/maze_interfaces__rosidl_typesupport_cppExport.cmake\n'}
[11.480884] (maze_interfaces) StdoutLine: {'line': b'-- Installing: /home/abdulrahman/training_ws/src/group4_task/install/maze_interfaces/share/maze_interfaces/cmake/maze_interfaces__rosidl_typesupport_cppExport-noconfig.cmake\n'}
[11.481035] (maze_interfaces) StdoutLine: {'line': b'-- Installing: /home/abdulrahman/training_ws/src/group4_task/install/maze_interfaces/share/maze_interfaces/cmake/export_maze_interfaces__rosidl_generator_pyExport.cmake\n'}
[11.481168] (maze_interfaces) StdoutLine: {'line': b'-- Installing: /home/abdulrahman/training_ws/src/group4_task/install/maze_interfaces/share/maze_interfaces/cmake/export_maze_interfaces__rosidl_generator_pyExport-noconfig.cmake\n'}
[11.481291] (maze_interfaces) StdoutLine: {'line': b'-- Installing: /home/abdulrahman/training_ws/src/group4_task/install/maze_interfaces/share/maze_interfaces/cmake/rosidl_cmake-extras.cmake\n'}
[11.481411] (maze_interfaces) StdoutLine: {'line': b'-- Installing: /home/abdulrahman/training_ws/src/group4_task/install/maze_interfaces/share/maze_interfaces/cmake/ament_cmake_export_dependencies-extras.cmake\n'}
[11.481532] (maze_interfaces) StdoutLine: {'line': b'-- Installing: /home/abdulrahman/training_ws/src/group4_task/install/maze_interfaces/share/maze_interfaces/cmake/ament_cmake_export_include_directories-extras.cmake\n'}
[11.481663] (maze_interfaces) StdoutLine: {'line': b'-- Installing: /home/abdulrahman/training_ws/src/group4_task/install/maze_interfaces/share/maze_interfaces/cmake/ament_cmake_export_libraries-extras.cmake\n'}
[11.481802] (maze_interfaces) StdoutLine: {'line': b'-- Installing: /home/abdulrahman/training_ws/src/group4_task/install/maze_interfaces/share/maze_interfaces/cmake/ament_cmake_export_targets-extras.cmake\n'}
[11.481933] (maze_interfaces) StdoutLine: {'line': b'-- Installing: /home/abdulrahman/training_ws/src/group4_task/install/maze_interfaces/share/maze_interfaces/cmake/rosidl_cmake_export_typesupport_targets-extras.cmake\n'}
[11.482054] (maze_interfaces) StdoutLine: {'line': b'-- Installing: /home/abdulrahman/training_ws/src/group4_task/install/maze_interfaces/share/maze_interfaces/cmake/rosidl_cmake_export_typesupport_libraries-extras.cmake\n'}
[11.482179] (maze_interfaces) StdoutLine: {'line': b'-- Installing: /home/abdulrahman/training_ws/src/group4_task/install/maze_interfaces/share/maze_interfaces/cmake/rosidl_cmake_aggregate_target-extras.cmake\n'}
[11.482304] (maze_interfaces) StdoutLine: {'line': b'-- Installing: /home/abdulrahman/training_ws/src/group4_task/install/maze_interfaces/share/maze_interfaces/cmake/maze_interfacesConfig.cmake\n'}
[11.482407] (maze_interfaces) StdoutLine: {'line': b'-- Installing: /home/abdulrahman/training_ws/src/group4_task/install/maze_interfaces/share/maze_interfaces/cmake/maze_interfacesConfig-version.cmake\n'}
[11.482527] (maze_interfaces) StdoutLine: {'line': b'-- Installing: /home/abdulrahman/training_ws/src/group4_task/install/maze_interfaces/share/maze_interfaces/package.xml\n'}
[11.484945] (maze_interfaces) CommandEnded: {'returncode': 0}
[11.502343] (maze_interfaces) JobEnded: {'identifier': 'maze_interfaces', 'rc': 0}
[11.503324] (-) EventReactorShutdown: {}
